IP-calls,nodes explored,filename,strategy_subproblem_selection,strategy_node_priority,strategy_reduction,strategy_update_node_priority,strategy_refine_with_integer_gap,strategy_search_method,strategy_refine_method,time_total,subproblem_points,reduced_generator_points,subproblem_points_generated,mgs_points,Yn_points,hYn_points,subproblem_points_vector,subproblem_points_generated_vector,mgs_points_vector,generator_points_vector,time_IP-calls,count_IP-calls,time_nodes explored,count_nodes explored,time_subproblem_points_vector,count_subproblem_points_vector,time_subproblem_points_generated_vector,count_subproblem_points_generated_vector,time_mgs_points_vector,count_mgs_points_vector,time_ASMO.solve,count_ASMO.solve,time_ASMO._set_global_upper_bound,count_ASMO._set_global_upper_bound,time_ASMO._update_global_upper_bound,count_ASMO._update_global_upper_bound,time_ASMO._set_incumbent,count_ASMO._set_incumbent,time_CVRP._update_bounds_from_node,count_CVRP._update_bounds_from_node,time_ASMO._reduce_upper_bounds,count_ASMO._reduce_upper_bounds,timeout
428,196,./instances/msp/2obj/Lyngesen24-msp-2-100|100-mm-2_5.json,sequential,largest,first,all,False,bbm,slow,1.567346749943681,200,111,200,111,734,734,100|100,100|100,51|60,51|60,,,,,,,,,,,0,2,0.072,6,0,2,0.069,6,1.158,388,0.21,390,False
428,196,./instances/msp/2obj/Lyngesen24-msp-2-100|100-mm-2_5.json,sequential,largest,none,all,False,bbm,slow,1.5523189170053229,200,111,200,111,734,734,100|100,100|100,51|60,51|60,,,,,,,,,,,0,2,0.027,4,0,2,0.025,4,1.199,388,0.0,390,False
426,195,./instances/msp/2obj/Lyngesen24-msp-2-100|100-mm-2_5.json,sequential,largest,100,all,False,bbm,slow,15.390438709058799,200,111,200,111,734,734,100|100,100|100,51|60,51|60,,,,,,,,,,,0,2,0.124,8,0,2,0.115,8,3.267,386,24.359,388,False
422,193,./instances/msp/2obj/Lyngesen24-msp-2-100|100-mm-2_5.json,sequential,largest,50,all,False,bbm,slow,57.571999666979536,200,111,200,111,734,734,100|100,100|100,51|60,51|60,,,,,,,,,,,0,2,0.678,12,0,2,0.65,12,3.435,382,108.709,384,False
376,126,./instances/msp/2obj/Lyngesen24-msp-2-100|100-mm-2_5.json,sequential,largest,first,all,False,phase1,slow,1.1767747080884874,200,111,200,111,734,734,100|100,100|100,51|60,51|60,,,,,,,,,,,0,2,0.107,6,0,2,0.104,6,0.684,248,0.239,250,False
376,126,./instances/msp/2obj/Lyngesen24-msp-2-100|100-mm-2_5.json,sequential,largest,none,all,False,phase1,slow,1.0094643749762326,200,111,200,111,734,734,100|100,100|100,51|60,51|60,,,,,,,,,,,0,2,0.055,4,0,2,0.053,4,0.736,248,0.0,250,False
371,121,./instances/msp/2obj/Lyngesen24-msp-2-100|100-mm-2_5.json,sequential,largest,100,all,False,phase1,slow,36.46880708402023,200,111,199,111,734,734,100|100,100|99,51|60,51|60,,,,,,,,,,,0,2,0.226,8,0,2,0.21,8,1.127,238,70.253,240,False
375,125,./instances/msp/2obj/Lyngesen24-msp-2-100|100-mm-2_5.json,sequential,largest,50,all,False,phase1,slow,10.328996709082276,200,111,200,111,734,734,100|100,100|100,51|60,51|60,,,,,,,,,,,0,2,0.207,8,0,2,0.198,8,1.759,246,16.962,248,False
585,291,./instances/msp/2obj/Lyngesen24-msp-2-100|100|100-uuu-3_4.json,sequential,largest,first,all,False,bbm,slow,3.402777749928646,300,263,300,263,852,852,100|100|100,100|100|100,100|63|100,100|63|100,,,,,,,,,,,0,2,0.198,6,0,2,0.198,6,1.577,576,0.099,578,False
585,291,./instances/msp/2obj/Lyngesen24-msp-2-100|100|100-uuu-3_4.json,sequential,largest,none,all,False,bbm,slow,3.455158624914475,300,263,300,263,852,852,100|100|100,100|100|100,100|63|100,100|63|100,,,,,,,,,,,0,2,0.106,4,0,2,0.106,4,1.775,576,0.0,578,False
585,291,./instances/msp/2obj/Lyngesen24-msp-2-100|100|100-uuu-3_4.json,sequential,largest,100,all,False,bbm,slow,110.31867616705131,300,263,300,263,852,852,100|100|100,100|100|100,100|63|100,100|63|100,,,,,,,,,,,0,2,0.497,10,0,2,0.481,10,5.662,576,208.432,578,False
585,291,./instances/msp/2obj/Lyngesen24-msp-2-100|100|100-uuu-3_4.json,sequential,largest,50,all,False,bbm,slow,399.82662087504286,300,263,300,263,852,852,100|100|100,100|100|100,100|63|100,100|63|100,,,,,,,,,,,0,2,1.522,16,0,2,1.481,16,6.9,576,785.532,578,False
452,152,./instances/msp/2obj/Lyngesen24-msp-2-100|100|100-uuu-3_4.json,sequential,largest,first,all,False,phase1,slow,2.8499389580683783,300,263,300,263,852,852,100|100|100,100|100|100,100|63|100,100|63|100,,,,,,,,,,,0,2,0.37,6,0,2,0.369,6,0.647,298,0.19,300,False
452,152,./instances/msp/2obj/Lyngesen24-msp-2-100|100|100-uuu-3_4.json,sequential,largest,none,all,False,phase1,slow,2.579308208078146,300,263,300,263,852,852,100|100|100,100|100|100,100|63|100,100|63|100,,,,,,,,,,,0,2,0.195,4,0,2,0.194,4,0.619,298,0.0,300,False
452,152,./instances/msp/2obj/Lyngesen24-msp-2-100|100|100-uuu-3_4.json,sequential,largest,100,all,False,phase1,slow,59.00888958305586,300,263,300,263,852,852,100|100|100,100|100|100,100|63|100,100|63|100,,,,,,,,,,,0,2,0.611,8,0,2,0.602,8,2.949,298,109.717,300,False
452,152,./instances/msp/2obj/Lyngesen24-msp-2-100|100|100-uuu-3_4.json,sequential,largest,50,all,False,phase1,slow,59.90582300000824,300,263,300,263,852,852,100|100|100,100|100|100,100|63|100,100|63|100,,,,,,,,,,,0,2,0.916,10,0,2,0.9,10,3.123,298,111.023,300,False
759,211,./instances/msp/2obj/Lyngesen24-msp-2-100|100|100-ull-3_4.json,sequential,largest,first,all,False,bbm,slow,38.24366000003647,300,203,227,203,1329,1329,100|100|100,27|100|100,3|100|100,3|100|100,,,,,,,,,,,0,2,0.643,6,0,2,0.559,6,1.861,416,69.54,418,False
927,295,./instances/msp/2obj/Lyngesen24-msp-2-100|100|100-ull-3_4.json,sequential,largest,none,all,False,bbm,slow,3.6919137079967186,300,203,300,203,1329,1329,100|100|100,100|100|100,3|100|100,3|100|100,,,,,,,,,,,0,2,0.302,4,0,2,0.284,4,2.026,584,0.0,586,False
759,211,./instances/msp/2obj/Lyngesen24-msp-2-100|100|100-ull-3_4.json,sequential,largest,100,all,False,bbm,slow,920.2335337089607,300,203,227,203,1329,1329,100|100|100,27|100|100,3|100|100,3|100|100,,,,,,,,,,,0,2,1.318,10,0,2,1.243,10,6.611,416,1826.982,418,False
759,211,./instances/msp/2obj/Lyngesen24-msp-2-100|100|100-ull-3_4.json,sequential,largest,50,all,False,bbm,slow,1335.5376290419372,300,203,227,203,1329,1329,100|100|100,27|100|100,3|100|100,3|100|100,,,,,,,,,,,0,2,2.289,14,0,2,2.172,14,7.087,416,2656.843,418,False
564,188,./instances/msp/2obj/Lyngesen24-msp-2-100|100|100-ull-3_4.json,sequential,largest,first,all,False,phase1,slow,38.33044750010595,300,203,224,203,1329,1329,100|100|100,24|100|100,3|100|100,3|100|100,,,,,,,,,,,0,2,0.646,6,0,2,0.613,6,1.803,370,69.995,372,False
679,227,./instances/msp/2obj/Lyngesen24-msp-2-100|100|100-ull-3_4.json,sequential,largest,none,all,False,phase1,slow,3.038593583041802,300,203,300,203,1329,1329,100|100|100,100|100|100,3|100|100,3|100|100,,,,,,,,,,,0,2,0.339,4,0,2,0.272,4,1.447,448,0.0,450,False
564,188,./instances/msp/2obj/Lyngesen24-msp-2-100|100|100-ull-3_4.json,sequential,largest,100,all,False,phase1,slow,208.56320120790042,300,203,224,203,1329,1329,100|100|100,24|100|100,3|100|100,3|100|100,,,,,,,,,,,0,2,0.975,8,0,2,0.86,8,5.733,370,405.31,372,False
564,188,./instances/msp/2obj/Lyngesen24-msp-2-100|100|100-ull-3_4.json,sequential,largest,50,all,False,phase1,slow,879.361563457991,300,203,224,203,1329,1329,100|100|100,24|100|100,3|100|100,3|100|100,,,,,,,,,,,0,2,1.451,12,0,2,1.311,12,5.67,370,1747.414,372,False
394,196,./instances/msp/2obj/Lyngesen24-msp-2-100|100-uu-2_3.json,sequential,largest,first,all,False,bbm,slow,1.8102189999772236,200,200,200,200,344,344,100|100,100|100,100|100,100|100,,,,,,,,,,,0,2,0.296,6,0,2,0.296,6,1.029,388,0.14,390,False
394,196,./instances/msp/2obj/Lyngesen24-msp-2-100|100-uu-2_3.json,sequential,largest,none,all,False,bbm,slow,1.6949950829148293,200,200,200,200,344,344,100|100,100|100,100|100,100|100,,,,,,,,,,,0,2,0.147,4,0,2,0.147,4,1.024,388,0.0,390,False
394,196,./instances/msp/2obj/Lyngesen24-msp-2-100|100-uu-2_3.json,sequential,largest,100,all,False,bbm,slow,8.3386674169451,200,200,200,200,344,344,100|100,100|100,100|100,100|100,,,,,,,,,,,0,2,0.421,8,0,2,0.417,8,2.38,388,11.565,390,False
394,196,./instances/msp/2obj/Lyngesen24-msp-2-100|100-uu-2_3.json,sequential,largest,50,all,False,bbm,slow,24.777813958004117,200,200,200,200,344,344,100|100,100|100,100|100,100|100,,,,,,,,,,,0,2,0.768,12,0,2,0.756,12,2.428,388,44.069,390,False
302,102,./instances/msp/2obj/Lyngesen24-msp-2-100|100-uu-2_3.json,sequential,largest,first,all,False,phase1,slow,1.2262457920005545,200,200,200,200,344,344,100|100,100|100,100|100,100|100,,,,,,,,,,,0,2,0.277,6,0,2,0.276,6,0.432,200,0.135,202,False
302,102,./instances/msp/2obj/Lyngesen24-msp-2-100|100-uu-2_3.json,sequential,largest,none,all,False,phase1,slow,1.1141529999440536,200,200,200,200,344,344,100|100,100|100,100|100,100|100,,,,,,,,,,,0,2,0.148,4,0,2,0.148,4,0.377,200,0.0,202,False
302,102,./instances/msp/2obj/Lyngesen24-msp-2-100|100-uu-2_3.json,sequential,largest,100,all,False,phase1,slow,16.34252758405637,200,200,200,200,344,344,100|100,100|100,100|100,100|100,,,,,,,,,,,0,2,0.447,8,0,2,0.441,8,0.43,200,30.422,202,False
302,102,./instances/msp/2obj/Lyngesen24-msp-2-100|100-uu-2_3.json,sequential,largest,50,all,False,phase1,slow,20.93974658299703,200,200,200,200,344,344,100|100,100|100,100|100,100|100,,,,,,,,,,,0,2,0.538,10,0,2,0.528,10,1.04,200,38.875,202,False
335,150,./instances/msp/2obj/Lyngesen24-msp-2-50|50|50-mmm-3_1.json,sequential,largest,first,all,False,bbm,slow,2.172901040990837,150,82,150,82,758,758,50|50|50,50|50|50,18|31|33,18|31|33,,,,,,,,,,,0,2,0.537,6,0,2,0.532,6,0.465,294,1.14,296,False
335,150,./instances/msp/2obj/Lyngesen24-msp-2-50|50|50-mmm-3_1.json,sequential,largest,none,all,False,bbm,slow,1.4821778748882934,150,82,150,82,758,758,50|50|50,50|50|50,18|31|33,18|31|33,,,,,,,,,,,0,2,0.233,4,0,2,0.231,4,0.431,294,0.0,296,False
333,149,./instances/msp/2obj/Lyngesen24-msp-2-50|50|50-mmm-3_1.json,sequential,largest,100,all,False,bbm,slow,72.94599649996962,150,82,150,82,758,758,50|50|50,50|50|50,18|31|33,18|31|33,,,,,,,,,,,0,2,0.923,8,0,2,0.907,8,2.736,292,139.793,294,False
333,149,./instances/msp/2obj/Lyngesen24-msp-2-50|50|50-mmm-3_1.json,sequential,largest,50,all,False,bbm,slow,76.67649079207331,150,82,150,82,758,758,50|50|50,50|50|50,18|31|33,18|31|33,,,,,,,,,,,0,2,1.232,10,0,2,1.205,10,3.154,292,147.064,294,False
291,99,./instances/msp/2obj/Lyngesen24-msp-2-50|50|50-mmm-3_1.json,sequential,largest,first,all,False,phase1,slow,1.7685367920203134,150,82,150,82,758,758,50|50|50,50|50|50,18|31|33,18|31|33,,,,,,,,,,,0,2,0.368,6,0,2,0.363,6,0.293,192,1.042,194,False
291,99,./instances/msp/2obj/Lyngesen24-msp-2-50|50|50-mmm-3_1.json,sequential,largest,none,all,False,phase1,slow,1.1643966250121593,150,82,150,82,758,758,50|50|50,50|50|50,18|31|33,18|31|33,,,,,,,,,,,0,2,0.183,4,0,2,0.181,4,0.269,192,0.0,194,False
291,99,./instances/msp/2obj/Lyngesen24-msp-2-50|50|50-mmm-3_1.json,sequential,largest,100,all,False,phase1,slow,1.688794375048019,150,82,150,82,758,758,50|50|50,50|50|50,18|31|33,18|31|33,,,,,,,,,,,0,2,0.361,6,0,2,0.357,6,0.291,192,1.025,194,False
285,95,./instances/msp/2obj/Lyngesen24-msp-2-50|50|50-mmm-3_1.json,sequential,largest,50,all,False,phase1,slow,53.95257504098117,150,82,148,82,758,758,50|50|50,50|48|50,18|31|33,18|31|33,,,,,,,,,,,0,2,0.587,8,0,2,0.573,8,1.559,184,103.903,186,False
397,110,./instances/msp/2obj/Lyngesen24-msp-2-50|50|50-ull-3_5.json,sequential,largest,first,all,False,bbm,slow,10.021209208993241,150,103,122,103,654,654,50|50|50,22|50|50,3|50|50,3|50|50,,,,,,,,,,,0,2,0.54,6,0,2,0.524,6,0.496,214,17.17,216,False
469,146,./instances/msp/2obj/Lyngesen24-msp-2-50|50|50-ull-3_5.json,sequential,largest,none,all,False,bbm,slow,1.3933666669763625,150,103,150,103,654,654,50|50|50,50|50|50,3|50|50,3|50|50,,,,,,,,,,,0,2,0.244,4,0,2,0.236,4,0.456,286,0.0,288,False
397,110,./instances/msp/2obj/Lyngesen24-msp-2-50|50|50-ull-3_5.json,sequential,largest,100,all,False,bbm,slow,125.12269491702318,150,103,122,103,654,654,50|50|50,22|50|50,3|50|50,3|50|50,,,,,,,,,,,0,2,0.779,8,0,2,0.753,8,1.451,214,246.169,216,False
397,110,./instances/msp/2obj/Lyngesen24-msp-2-50|50|50-ull-3_5.json,sequential,largest,50,all,False,bbm,slow,157.91611604206264,150,103,122,103,654,654,50|50|50,22|50|50,3|50|50,3|50|50,,,,,,,,,,,0,2,1.108,10,0,2,1.072,10,1.942,214,311.057,216,False
301,101,./instances/msp/2obj/Lyngesen24-msp-2-50|50|50-ull-3_5.json,sequential,largest,first,all,False,phase1,slow,9.845904833055101,150,103,122,103,654,654,50|50|50,22|50|50,3|50|50,3|50|50,,,,,,,,,,,0,2,0.493,6,0,2,0.477,6,0.454,196,17.136,198,False
344,116,./instances/msp/2obj/Lyngesen24-msp-2-50|50|50-ull-3_5.json,sequential,largest,none,all,False,phase1,slow,1.1826048749499023,150,103,150,103,654,654,50|50|50,50|50|50,3|50|50,3|50|50,,,,,,,,,,,0,2,0.196,4,0,2,0.188,4,0.348,226,0.0,228,False
301,101,./instances/msp/2obj/Lyngesen24-msp-2-50|50|50-ull-3_5.json,sequential,largest,100,all,False,phase1,slow,204.87497712497134,150,103,122,103,654,654,50|50|50,22|50|50,3|50|50,3|50|50,,,,,,,,,,,0,2,0.599,8,0,2,0.572,8,0.458,196,407.264,198,False
301,101,./instances/msp/2obj/Lyngesen24-msp-2-50|50|50-ull-3_5.json,sequential,largest,50,all,False,phase1,slow,247.8028886250686,150,103,122,103,654,654,50|50|50,22|50|50,3|50|50,3|50|50,,,,,,,,,,,0,2,1.043,10,0,2,1.006,10,1.793,196,491.112,198,False
564,195,./instances/msp/2obj/Lyngesen24-msp-2-100|100-ul-2_5.json,sequential,largest,first,all,False,bbm,slow,3.284925749991089,200,111,200,111,270,270,100|100,100|100,11|100,11|100,,,,,,,,,,,0,2,0.289,6,0,2,0.283,6,1.471,386,2.635,388,False
564,195,./instances/msp/2obj/Lyngesen24-msp-2-100|100-ul-2_5.json,sequential,largest,none,all,False,bbm,slow,1.5330366250127554,200,111,200,111,270,270,100|100,100|100,11|100,11|100,,,,,,,,,,,0,2,0.099,4,0,2,0.096,4,1.259,386,0.0,388,False
564,195,./instances/msp/2obj/Lyngesen24-msp-2-100|100-ul-2_5.json,sequential,largest,100,all,False,bbm,slow,12.570427707978524,200,111,200,111,270,270,100|100,100|100,11|100,11|100,,,,,,,,,,,0,2,0.323,8,0,2,0.312,8,2.738,386,19.977,388,False
564,195,./instances/msp/2obj/Lyngesen24-msp-2-100|100-ul-2_5.json,sequential,largest,50,all,False,bbm,slow,31.754040708066896,200,111,200,111,270,270,100|100,100|100,11|100,11|100,,,,,,,,,,,0,2,0.93,12,0,2,0.91,12,2.978,386,58.263,388,False
414,138,./instances/msp/2obj/Lyngesen24-msp-2-100|100-ul-2_5.json,sequential,largest,first,all,False,phase1,slow,2.4966744580306113,200,111,200,111,270,270,100|100,100|100,11|100,11|100,,,,,,,,,,,0,2,0.172,6,0,2,0.165,6,0.952,272,2.699,274,False
414,138,./instances/msp/2obj/Lyngesen24-msp-2-100|100-ul-2_5.json,sequential,largest,none,all,False,phase1,slow,1.1170531250536442,200,111,200,111,270,270,100|100,100|100,11|100,11|100,,,,,,,,,,,0,2,0.082,4,0,2,0.079,4,0.894,272,0.0,274,False
414,138,./instances/msp/2obj/Lyngesen24-msp-2-100|100-ul-2_5.json,sequential,largest,100,all,False,phase1,slow,14.185683917021379,200,111,200,111,270,270,100|100,100|100,11|100,11|100,,,,,,,,,,,0,2,0.231,8,0,2,0.219,8,1.431,272,25.404,274,False
414,138,./instances/msp/2obj/Lyngesen24-msp-2-100|100-ul-2_5.json,sequential,largest,50,all,False,phase1,slow,22.17026695900131,200,111,200,111,270,270,100|100,100|100,11|100,11|100,,,,,,,,,,,0,2,0.697,10,0,2,0.677,10,1.841,272,40.529,274,False
297,147,./instances/msp/2obj/Lyngesen24-msp-2-50|50|50-uuu-3_5.json,sequential,largest,first,all,False,bbm,slow,1.3253395420033485,150,150,150,150,386,386,50|50|50,50|50|50,50|50|50,50|50|50,,,,,,,,,,,0,2,0.291,6,0,2,0.29,6,0.4,288,0.129,290,False
297,147,./instances/msp/2obj/Lyngesen24-msp-2-50|50|50-uuu-3_5.json,sequential,largest,none,all,False,bbm,slow,1.2560372500447556,150,150,150,150,386,386,50|50|50,50|50|50,50|50|50,50|50|50,,,,,,,,,,,0,2,0.132,4,0,2,0.132,4,0.445,288,0.0,290,False
297,147,./instances/msp/2obj/Lyngesen24-msp-2-50|50|50-uuu-3_5.json,sequential,largest,100,all,False,bbm,slow,26.53193649998866,150,150,150,150,386,386,50|50|50,50|50|50,50|50|50,50|50|50,,,,,,,,,,,0,2,0.421,8,0,2,0.416,8,1.417,288,49.21,290,False
297,147,./instances/msp/2obj/Lyngesen24-msp-2-50|50|50-uuu-3_5.json,sequential,largest,50,all,False,bbm,slow,27.997555707930587,150,150,150,150,386,386,50|50|50,50|50|50,50|50|50,50|50|50,,,,,,,,,,,0,2,0.612,10,0,2,0.604,10,1.378,288,52.007,290,False
228,78,./instances/msp/2obj/Lyngesen24-msp-2-50|50|50-uuu-3_5.json,sequential,largest,first,all,False,phase1,slow,0.911083959043026,150,150,150,150,386,386,50|50|50,50|50|50,50|50|50,50|50|50,,,,,,,,,,,0,2,0.144,6,0,2,0.143,6,0.163,150,0.075,152,False
228,78,./instances/msp/2obj/Lyngesen24-msp-2-50|50|50-uuu-3_5.json,sequential,largest,none,all,False,phase1,slow,0.8774212918942794,150,150,150,150,386,386,50|50|50,50|50|50,50|50|50,50|50|50,,,,,,,,,,,0,2,0.081,4,0,2,0.081,4,0.159,150,0.0,152,False
228,78,./instances/msp/2obj/Lyngesen24-msp-2-50|50|50-uuu-3_5.json,sequential,largest,100,all,False,phase1,slow,0.9020510000409558,150,150,150,150,386,386,50|50|50,50|50|50,50|50|50,50|50|50,,,,,,,,,,,0,2,0.168,6,0,2,0.168,6,0.164,150,0.089,152,False
228,78,./instances/msp/2obj/Lyngesen24-msp-2-50|50|50-uuu-3_5.json,sequential,largest,50,all,False,phase1,slow,17.66411841707304,150,150,150,150,386,386,50|50|50,50|50|50,50|50|50,50|50|50,,,,,,,,,,,0,2,0.283,8,0,2,0.278,8,0.81,150,32.324,152,False
301,149,./instances/msp/2obj/Lyngesen24-msp-2-50|50|50-uuu-3_4.json,sequential,largest,first,all,False,bbm,slow,1.2496345830149949,150,119,150,119,536,536,50|50|50,50|50|50,40|29|50,40|29|50,,,,,,,,,,,0,2,0.236,6,0,2,0.235,6,0.408,292,0.106,294,False
301,149,./instances/msp/2obj/Lyngesen24-msp-2-50|50|50-uuu-3_4.json,sequential,largest,none,all,False,bbm,slow,1.1774519579485059,150,119,150,119,536,536,50|50|50,50|50|50,40|29|50,40|29|50,,,,,,,,,,,0,2,0.114,4,0,2,0.113,4,0.443,292,0.0,294,False
301,149,./instances/msp/2obj/Lyngesen24-msp-2-50|50|50-uuu-3_4.json,sequential,largest,100,all,False,bbm,slow,34.53618012496736,150,119,150,119,536,536,50|50|50,50|50|50,40|29|50,40|29|50,,,,,,,,,,,0,2,0.303,8,0,2,0.297,8,1.855,292,64.919,294,False
301,149,./instances/msp/2obj/Lyngesen24-msp-2-50|50|50-uuu-3_4.json,sequential,largest,50,all,False,bbm,slow,36.633238708018325,150,119,150,119,536,536,50|50|50,50|50|50,40|29|50,40|29|50,,,,,,,,,,,0,2,0.502,10,0,2,0.493,10,2.002,292,68.797,294,False
228,78,./instances/msp/2obj/Lyngesen24-msp-2-50|50|50-uuu-3_4.json,sequential,largest,first,all,False,phase1,slow,1.005396250053309,150,119,150,119,536,536,50|50|50,50|50|50,40|29|50,40|29|50,,,,,,,,,,,0,2,0.198,6,0,2,0.197,6,0.165,150,0.106,152,False
228,78,./instances/msp/2obj/Lyngesen24-msp-2-50|50|50-uuu-3_4.json,sequential,largest,none,all,False,phase1,slow,1.0121348329121247,150,119,150,119,536,536,50|50|50,50|50|50,40|29|50,40|29|50,,,,,,,,,,,0,2,0.13,4,0,2,0.129,4,0.17,150,0.0,152,False
228,78,./instances/msp/2obj/Lyngesen24-msp-2-50|50|50-uuu-3_4.json,sequential,largest,100,all,False,phase1,slow,1.125043125008233,150,119,150,119,536,536,50|50|50,50|50|50,40|29|50,40|29|50,,,,,,,,,,,0,2,0.276,6,0,2,0.275,6,0.244,150,0.152,152,False
228,78,./instances/msp/2obj/Lyngesen24-msp-2-50|50|50-uuu-3_4.json,sequential,largest,50,all,False,phase1,slow,21.57738504197914,150,119,150,119,536,536,50|50|50,50|50|50,40|29|50,40|29|50,,,,,,,,,,,0,2,0.763,8,0,2,0.756,8,1.046,150,39.587,152,False
395,112,./instances/msp/2obj/Lyngesen24-msp-2-50|50|50-ull-3_4.json,sequential,largest,first,all,False,bbm,slow,9.182370375026949,150,105,126,105,961,961,50|50|50,26|50|50,5|50|50,5|50|50,,,,,,,,,,,0,2,0.297,6,0,2,0.281,6,0.456,218,15.656,220,False
463,146,./instances/msp/2obj/Lyngesen24-msp-2-50|50|50-ull-3_4.json,sequential,largest,none,all,False,bbm,slow,1.337105541024357,150,105,150,105,961,961,50|50|50,50|50|50,5|50|50,5|50|50,,,,,,,,,,,0,2,0.175,4,0,2,0.168,4,0.457,286,0.0,288,False
395,112,./instances/msp/2obj/Lyngesen24-msp-2-50|50|50-ull-3_4.json,sequential,largest,100,all,False,bbm,slow,182.9136905000778,150,105,126,105,961,961,50|50|50,26|50|50,5|50|50,5|50|50,,,,,,,,,,,0,2,0.496,8,0,2,0.467,8,1.593,218,361.405,220,False
395,112,./instances/msp/2obj/Lyngesen24-msp-2-50|50|50-ull-3_4.json,sequential,largest,50,all,False,bbm,slow,230.24640474992339,150,105,126,105,961,961,50|50|50,26|50|50,5|50|50,5|50|50,,,,,,,,,,,0,2,0.973,10,0,2,0.93,10,1.623,218,456.045,220,False
298,100,./instances/msp/2obj/Lyngesen24-msp-2-50|50|50-ull-3_4.json,sequential,largest,first,all,False,phase1,slow,9.358501125010662,150,105,120,105,961,961,50|50|50,20|50|50,5|50|50,5|50|50,,,,,,,,,,,0,2,0.5,6,0,2,0.485,6,0.401,194,15.783,196,False
344,116,./instances/msp/2obj/Lyngesen24-msp-2-50|50|50-ull-3_4.json,sequential,largest,none,all,False,phase1,slow,1.413324541063048,150,105,150,105,961,961,50|50|50,50|50|50,5|50|50,5|50|50,,,,,,,,,,,0,2,0.258,4,0,2,0.25,4,0.347,226,0.0,228,False
298,100,./instances/msp/2obj/Lyngesen24-msp-2-50|50|50-ull-3_4.json,sequential,largest,100,all,False,phase1,slow,10.127789375022985,150,105,120,105,961,961,50|50|50,20|50|50,5|50|50,5|50|50,,,,,,,,,,,0,2,0.547,6,0,2,0.531,6,0.469,194,17.306,196,False
298,100,./instances/msp/2obj/Lyngesen24-msp-2-50|50|50-ull-3_4.json,sequential,largest,50,all,False,phase1,slow,84.15599091607146,150,105,120,105,961,961,50|50|50,20|50|50,5|50|50,5|50|50,,,,,,,,,,,0,2,0.607,8,0,2,0.576,8,1.767,194,163.919,196,False
556,195,./instances/msp/2obj/Lyngesen24-msp-2-100|100-ul-2_4.json,sequential,largest,first,all,False,bbm,slow,3.252906709094532,200,111,200,111,310,310,100|100,100|100,11|100,11|100,,,,,,,,,,,0,2,0.202,6,0,2,0.194,6,1.698,386,2.616,388,False
556,195,./instances/msp/2obj/Lyngesen24-msp-2-100|100-ul-2_4.json,sequential,largest,none,all,False,bbm,slow,1.5454733750084415,200,111,200,111,310,310,100|100,100|100,11|100,11|100,,,,,,,,,,,0,2,0.093,4,0,2,0.089,4,1.279,386,0.0,388,False
556,195,./instances/msp/2obj/Lyngesen24-msp-2-100|100-ul-2_4.json,sequential,largest,100,all,False,bbm,slow,13.986405083094724,200,111,200,111,310,310,100|100,100|100,11|100,11|100,,,,,,,,,,,0,2,0.248,8,0,2,0.238,8,2.891,386,22.465,388,False
556,195,./instances/msp/2obj/Lyngesen24-msp-2-100|100-ul-2_4.json,sequential,largest,50,all,False,bbm,slow,34.5033632919658,200,111,200,111,310,310,100|100,100|100,11|100,11|100,,,,,,,,,,,0,2,0.51,12,0,2,0.491,12,3.323,386,63.091,388,False
407,137,./instances/msp/2obj/Lyngesen24-msp-2-100|100-ul-2_4.json,sequential,largest,first,all,False,phase1,slow,2.2453305840026587,200,111,200,111,310,310,100|100,100|100,11|100,11|100,,,,,,,,,,,0,2,0.125,6,0,2,0.119,6,0.857,270,2.43,272,False
407,137,./instances/msp/2obj/Lyngesen24-msp-2-100|100-ul-2_4.json,sequential,largest,none,all,False,phase1,slow,0.9498588329879567,200,111,200,111,310,310,100|100,100|100,11|100,11|100,,,,,,,,,,,0,2,0.053,4,0,2,0.05,4,0.769,270,0.0,272,False
407,137,./instances/msp/2obj/Lyngesen24-msp-2-100|100-ul-2_4.json,sequential,largest,100,all,False,phase1,slow,15.52057670801878,200,111,200,111,310,310,100|100,100|100,11|100,11|100,,,,,,,,,,,0,2,0.211,8,0,2,0.201,8,1.305,270,28.313,272,False
407,137,./instances/msp/2obj/Lyngesen24-msp-2-100|100-ul-2_4.json,sequential,largest,50,all,False,phase1,slow,23.868853166000918,200,111,200,111,310,310,100|100,100|100,11|100,11|100,,,,,,,,,,,0,2,0.267,10,0,2,0.251,10,2.159,270,43.956,272,False
202,100,./instances/msp/2obj/Lyngesen24-msp-2-50|50-uu-2_1.json,sequential,largest,first,all,False,bbm,slow,0.5447451670188457,100,100,100,100,168,168,50|50,50|50,50|50,50|50,,,,,,,,,,,0,2,0.1,6,0,2,0.099,6,0.266,196,0.046,198,False
202,100,./instances/msp/2obj/Lyngesen24-msp-2-50|50-uu-2_1.json,sequential,largest,none,all,False,bbm,slow,0.5027167089283466,100,100,100,100,168,168,50|50,50|50,50|50,50|50,,,,,,,,,,,0,2,0.057,4,0,2,0.056,4,0.26,196,0.0,198,False
202,100,./instances/msp/2obj/Lyngesen24-msp-2-50|50-uu-2_1.json,sequential,largest,100,all,False,bbm,slow,0.5318050840869546,100,100,100,100,168,168,50|50,50|50,50|50,50|50,,,,,,,,,,,0,2,0.099,6,0,2,0.098,6,0.266,196,0.052,198,False
202,100,./instances/msp/2obj/Lyngesen24-msp-2-50|50-uu-2_1.json,sequential,largest,50,all,False,bbm,slow,2.454801584011875,100,100,100,100,168,168,50|50,50|50,50|50,50|50,,,,,,,,,,,0,2,0.202,8,0,2,0.199,8,0.576,196,3.143,198,False
152,52,./instances/msp/2obj/Lyngesen24-msp-2-50|50-uu-2_1.json,sequential,largest,first,all,False,phase1,slow,0.3594974169973284,100,100,100,100,168,168,50|50,50|50,50|50,50|50,,,,,,,,,,,0,2,0.083,6,0,2,0.082,6,0.112,100,0.042,102,False
152,52,./instances/msp/2obj/Lyngesen24-msp-2-50|50-uu-2_1.json,sequential,largest,none,all,False,phase1,slow,0.3316095001064241,100,100,100,100,168,168,50|50,50|50,50|50,50|50,,,,,,,,,,,0,2,0.048,4,0,2,0.047,4,0.106,100,0.0,102,False
152,52,./instances/msp/2obj/Lyngesen24-msp-2-50|50-uu-2_1.json,sequential,largest,100,all,False,phase1,slow,0.3873097080504522,100,100,100,100,168,168,50|50,50|50,50|50,50|50,,,,,,,,,,,0,2,0.112,6,0,2,0.112,6,0.109,100,0.057,102,False
152,52,./instances/msp/2obj/Lyngesen24-msp-2-50|50-uu-2_1.json,sequential,largest,50,all,False,phase1,slow,4.072024791967124,100,100,100,100,168,168,50|50,50|50,50|50,50|50,,,,,,,,,,,0,2,0.175,8,0,2,0.171,8,0.109,100,7.435,102,False
386,192,./instances/msp/2obj/Lyngesen24-msp-2-100|100-uu-2_2.json,sequential,largest,first,all,False,bbm,slow,1.5875267080264166,200,197,200,197,364,364,100|100,100|100,97|100,97|100,,,,,,,,,,,0,2,0.129,6,0,2,0.128,6,1.014,380,0.049,382,False
386,192,./instances/msp/2obj/Lyngesen24-msp-2-100|100-uu-2_2.json,sequential,largest,none,all,False,bbm,slow,1.639964084024541,200,197,200,197,364,364,100|100,100|100,97|100,97|100,,,,,,,,,,,0,2,0.056,4,0,2,0.056,4,1.16,380,0.0,382,False
386,192,./instances/msp/2obj/Lyngesen24-msp-2-100|100-uu-2_2.json,sequential,largest,100,all,False,bbm,slow,7.82034408301115,200,197,200,197,364,364,100|100,100|100,97|100,97|100,,,,,,,,,,,0,2,0.18,8,0,2,0.176,8,1.9,380,11.092,382,False
386,192,./instances/msp/2obj/Lyngesen24-msp-2-100|100-uu-2_2.json,sequential,largest,50,all,False,bbm,slow,25.180796207976528,200,197,200,197,364,364,100|100,100|100,97|100,97|100,,,,,,,,,,,0,2,0.361,12,0,2,0.349,12,2.088,380,45.62,382,False
302,102,./instances/msp/2obj/Lyngesen24-msp-2-100|100-uu-2_2.json,sequential,largest,first,all,False,phase1,slow,0.9184849590528756,200,197,200,197,364,364,100|100,100|100,97|100,97|100,,,,,,,,,,,0,2,0.069,6,0,2,0.068,6,0.379,200,0.034,202,False
302,102,./instances/msp/2obj/Lyngesen24-msp-2-100|100-uu-2_2.json,sequential,largest,none,all,False,phase1,slow,0.9418654170585796,200,197,200,197,364,364,100|100,100|100,97|100,97|100,,,,,,,,,,,0,2,0.037,4,0,2,0.037,4,0.44,200,0.0,202,False
302,102,./instances/msp/2obj/Lyngesen24-msp-2-100|100-uu-2_2.json,sequential,largest,100,all,False,phase1,slow,17.061280999914743,200,197,200,197,364,364,100|100,100|100,97|100,97|100,,,,,,,,,,,0,2,0.166,8,0,2,0.159,8,0.45,200,32.061,202,False
302,102,./instances/msp/2obj/Lyngesen24-msp-2-100|100-uu-2_2.json,sequential,largest,50,all,False,phase1,slow,21.817558708949946,200,197,200,197,364,364,100|100,100|100,97|100,97|100,,,,,,,,,,,0,2,0.258,10,0,2,0.248,10,0.962,200,40.607,202,False
647,295,./instances/msp/2obj/Lyngesen24-msp-2-100|100|100-mmm-3_1.json,sequential,largest,first,all,False,bbm,slow,6.066935500013642,300,147,300,147,1847,1847,100|100|100,100|100|100,49|52|46,49|52|46,,,,,,,,,,,0,2,0.25,6,0,2,0.239,6,1.883,584,3.616,586,False
647,295,./instances/msp/2obj/Lyngesen24-msp-2-100|100|100-mmm-3_1.json,sequential,largest,none,all,False,bbm,slow,4.147412958089262,300,147,300,147,1847,1847,100|100|100,100|100|100,49|52|46,49|52|46,,,,,,,,,,,0,2,0.143,4,0,2,0.138,4,1.676,584,0.0,586,False
621,282,./instances/msp/2obj/Lyngesen24-msp-2-100|100|100-mmm-3_1.json,sequential,largest,100,all,False,bbm,slow,538.2060394999571,300,147,295,147,1847,1847,100|100|100,100|100|95,49|52|46,49|52|46,,,,,,,,,,,0,2,0.691,10,0,2,0.643,10,14.409,558,1050.542,560,False
613,278,./instances/msp/2obj/Lyngesen24-msp-2-100|100|100-mmm-3_1.json,sequential,largest,50,all,False,bbm,slow,2157.112607209012,300,147,295,147,1847,1847,100|100|100,100|100|95,49|52|46,49|52|46,,,,,,,,,,,0,2,3.567,16,0,2,3.452,16,13.947,550,4287.895,552,False
579,195,./instances/msp/2obj/Lyngesen24-msp-2-100|100|100-mmm-3_1.json,sequential,largest,first,all,False,phase1,slow,6.215801500016823,300,147,300,147,1847,1847,100|100|100,100|100|100,49|52|46,49|52|46,,,,,,,,,,,0,2,0.946,6,0,2,0.936,6,1.107,384,3.914,386,False
579,195,./instances/msp/2obj/Lyngesen24-msp-2-100|100|100-mmm-3_1.json,sequential,largest,none,all,False,phase1,slow,4.137084709014744,300,147,300,147,1847,1847,100|100|100,100|100|100,49|52|46,49|52|46,,,,,,,,,,,0,2,0.444,4,0,2,0.439,4,1.034,384,0.0,386,False
540,172,./instances/msp/2obj/Lyngesen24-msp-2-100|100|100-mmm-3_1.json,sequential,largest,100,all,False,phase1,slow,406.27034254197497,300,147,286,147,1847,1847,100|100|100,100|100|86,49|52|46,49|52|46,,,,,,,,,,,0,2,1.467,8,0,2,1.434,8,5.318,338,798.104,340,False
537,169,./instances/msp/2obj/Lyngesen24-msp-2-100|100|100-mmm-3_1.json,sequential,largest,50,all,False,phase1,slow,3009.9396494589746,300,147,286,147,1847,1847,100|100|100,100|100|86,49|52|46,49|52|46,,,,,,,,,,,0,2,3.443,14,0,2,3.335,14,6.431,332,6004.082,334,False
753,207,./instances/msp/2obj/Lyngesen24-msp-2-100|100|100-ull-3_5.json,sequential,largest,first,all,False,bbm,slow,39.84089666698128,300,203,223,203,1441,1441,100|100|100,23|100|100,3|100|100,3|100|100,,,,,,,,,,,0,2,1.092,6,0,2,1.058,6,1.694,408,71.955,410,False
925,293,./instances/msp/2obj/Lyngesen24-msp-2-100|100|100-ull-3_5.json,sequential,largest,none,all,False,bbm,slow,3.9704836659366265,300,203,300,203,1441,1441,100|100|100,100|100|100,3|100|100,3|100|100,,,,,,,,,,,0,2,0.478,4,0,2,0.461,4,1.86,580,0.0,582,False
753,207,./instances/msp/2obj/Lyngesen24-msp-2-100|100|100-ull-3_5.json,sequential,largest,100,all,False,bbm,slow,955.1077190840151,300,203,223,203,1441,1441,100|100|100,23|100|100,3|100|100,3|100|100,,,,,,,,,,,0,2,2.02,10,0,2,1.943,10,5.684,408,1897.545,410,False
753,207,./instances/msp/2obj/Lyngesen24-msp-2-100|100|100-ull-3_5.json,sequential,largest,50,all,False,bbm,slow,1374.9377974170493,300,203,223,203,1441,1441,100|100|100,23|100|100,3|100|100,3|100|100,,,,,,,,,,,0,2,3.321,14,0,2,3.205,14,6.155,408,2736.878,410,False
552,184,./instances/msp/2obj/Lyngesen24-msp-2-100|100|100-ull-3_5.json,sequential,largest,first,all,False,phase1,slow,39.170036584022455,300,203,222,203,1441,1441,100|100|100,22|100|100,3|100|100,3|100|100,,,,,,,,,,,0,2,0.86,6,0,2,0.826,6,1.487,362,71.728,364,False
670,224,./instances/msp/2obj/Lyngesen24-msp-2-100|100|100-ull-3_5.json,sequential,largest,none,all,False,phase1,slow,3.2317757910350338,300,203,300,203,1441,1441,100|100|100,100|100|100,3|100|100,3|100|100,,,,,,,,,,,0,2,0.427,4,0,2,0.41,4,1.343,442,0.0,444,False
552,184,./instances/msp/2obj/Lyngesen24-msp-2-100|100|100-ull-3_5.json,sequential,largest,100,all,False,phase1,slow,226.13842600001954,300,203,222,203,1441,1441,100|100|100,22|100|100,3|100|100,3|100|100,,,,,,,,,,,0,2,1.378,8,0,2,1.322,8,5.137,362,440.846,364,False
552,184,./instances/msp/2obj/Lyngesen24-msp-2-100|100|100-ull-3_5.json,sequential,largest,50,all,False,phase1,slow,924.7352709170664,300,203,222,203,1441,1441,100|100|100,22|100|100,3|100|100,3|100|100,,,,,,,,,,,0,2,2.321,12,0,2,2.226,12,4.791,362,1838.594,364,False
587,292,./instances/msp/2obj/Lyngesen24-msp-2-100|100|100-uuu-3_5.json,sequential,largest,first,all,False,bbm,slow,4.554474542033859,300,300,300,300,731,731,100|100|100,100|100|100,100|100|100,100|100|100,,,,,,,,,,,0,2,1.344,6,0,2,1.344,6,1.551,578,0.932,580,False
587,292,./instances/msp/2obj/Lyngesen24-msp-2-100|100|100-uuu-3_5.json,sequential,largest,none,all,False,bbm,slow,4.012803917052224,300,300,300,300,731,731,100|100|100,100|100|100,100|100|100,100|100|100,,,,,,,,,,,0,2,0.353,4,0,2,0.353,4,1.496,578,0.0,580,False
587,292,./instances/msp/2obj/Lyngesen24-msp-2-100|100|100-uuu-3_5.json,sequential,largest,100,all,False,bbm,slow,113.34068475000095,300,300,300,300,731,731,100|100|100,100|100|100,100|100|100,100|100|100,,,,,,,,,,,0,2,1.492,10,0,2,1.477,10,5.418,578,213.86,580,False
587,292,./instances/msp/2obj/Lyngesen24-msp-2-100|100|100-uuu-3_5.json,sequential,largest,50,all,False,bbm,slow,367.7461152919568,300,300,300,300,731,731,100|100|100,100|100|100,100|100|100,100|100|100,,,,,,,,,,,0,2,3.404,16,0,2,3.368,16,6.14,578,721.642,580,False
456,154,./instances/msp/2obj/Lyngesen24-msp-2-100|100|100-uuu-3_5.json,sequential,largest,first,all,False,phase1,slow,3.5038929159054533,300,300,300,300,731,731,100|100|100,100|100|100,100|100|100,100|100|100,,,,,,,,,,,0,2,0.601,6,0,2,0.601,6,0.582,302,0.285,304,False
456,154,./instances/msp/2obj/Lyngesen24-msp-2-100|100|100-uuu-3_5.json,sequential,largest,none,all,False,phase1,slow,2.9046180839650333,300,300,300,300,731,731,100|100|100,100|100|100,100|100|100,100|100|100,,,,,,,,,,,0,2,0.264,4,0,2,0.264,4,0.566,302,0.0,304,False
456,154,./instances/msp/2obj/Lyngesen24-msp-2-100|100|100-uuu-3_5.json,sequential,largest,100,all,False,phase1,slow,54.816292249946855,300,300,300,300,731,731,100|100|100,100|100|100,100|100|100,100|100|100,,,,,,,,,,,0,2,0.918,8,0,2,0.909,8,2.88,302,100.834,304,False
456,154,./instances/msp/2obj/Lyngesen24-msp-2-100|100|100-uuu-3_5.json,sequential,largest,50,all,False,phase1,slow,281.0972327920608,300,300,300,300,731,731,100|100|100,100|100|100,100|100|100,100|100|100,,,,,,,,,,,0,2,1.624,12,0,2,1.546,12,2.756,302,553.358,304,False
428,197,./instances/msp/2obj/Lyngesen24-msp-2-100|100-mm-2_4.json,sequential,largest,first,all,False,bbm,slow,1.8623065419960767,200,129,200,129,679,679,100|100,100|100,60|69,60|69,,,,,,,,,,,0,2,0.321,6,0,2,0.318,6,1.13,390,0.309,392,False
428,197,./instances/msp/2obj/Lyngesen24-msp-2-100|100-mm-2_4.json,sequential,largest,none,all,False,bbm,slow,1.6622212500078604,200,129,200,129,679,679,100|100,100|100,60|69,60|69,,,,,,,,,,,0,2,0.143,4,0,2,0.141,4,1.09,390,0.0,392,False
426,196,./instances/msp/2obj/Lyngesen24-msp-2-100|100-mm-2_4.json,sequential,largest,100,all,False,bbm,slow,13.017038374906406,200,129,200,129,679,679,100|100,100|100,60|69,60|69,,,,,,,,,,,0,2,0.446,8,0,2,0.438,8,2.594,388,20.373,390,False
418,192,./instances/msp/2obj/Lyngesen24-msp-2-100|100-mm-2_4.json,sequential,largest,50,all,False,bbm,slow,83.22698004206177,200,129,200,129,679,679,100|100,100|100,60|69,60|69,,,,,,,,,,,0,2,1.06,14,0,2,1.026,14,2.83,380,160.494,382,False
373,125,./instances/msp/2obj/Lyngesen24-msp-2-100|100-mm-2_4.json,sequential,largest,first,all,False,phase1,slow,1.3456925840582699,200,129,200,129,679,679,100|100,100|100,60|69,60|69,,,,,,,,,,,0,2,0.282,6,0,2,0.28,6,0.687,246,0.307,248,False
373,125,./instances/msp/2obj/Lyngesen24-msp-2-100|100-mm-2_4.json,sequential,largest,none,all,False,phase1,slow,1.2200794159434736,200,129,200,129,679,679,100|100,100|100,60|69,60|69,,,,,,,,,,,0,2,0.151,4,0,2,0.149,4,0.616,246,0.0,248,False
367,119,./instances/msp/2obj/Lyngesen24-msp-2-100|100-mm-2_4.json,sequential,largest,100,all,False,phase1,slow,31.871699041919783,200,129,198,129,679,679,100|100,100|98,60|69,60|69,,,,,,,,,,,0,2,0.48,8,0,2,0.467,8,0.944,234,60.913,236,False
366,118,./instances/msp/2obj/Lyngesen24-msp-2-100|100-mm-2_4.json,sequential,largest,50,all,False,phase1,slow,38.57204320805613,200,129,198,129,679,679,100|100,100|98,60|69,60|69,,,,,,,,,,,0,2,0.655,10,0,2,0.637,10,1.388,232,73.71,234,False
388,193,./instances/msp/2obj/Lyngesen24-msp-2-100|100-uu-2_5.json,sequential,largest,first,all,False,bbm,slow,1.7503309160238132,200,181,200,181,385,385,100|100,100|100,81|100,81|100,,,,,,,,,,,0,2,0.289,6,0,2,0.288,6,1.005,382,0.135,384,False
388,193,./instances/msp/2obj/Lyngesen24-msp-2-100|100-uu-2_5.json,sequential,largest,none,all,False,bbm,slow,1.6250965419458225,200,181,200,181,385,385,100|100,100|100,81|100,81|100,,,,,,,,,,,0,2,0.134,4,0,2,0.134,4,0.985,382,0.0,384,False
388,193,./instances/msp/2obj/Lyngesen24-msp-2-100|100-uu-2_5.json,sequential,largest,100,all,False,bbm,slow,7.850061999983154,200,181,200,181,385,385,100|100,100|100,81|100,81|100,,,,,,,,,,,0,2,0.413,8,0,2,0.409,8,1.747,382,11.282,384,False
388,193,./instances/msp/2obj/Lyngesen24-msp-2-100|100-uu-2_5.json,sequential,largest,50,all,False,bbm,slow,24.588981625041924,200,181,200,181,385,385,100|100,100|100,81|100,81|100,,,,,,,,,,,0,2,0.766,12,0,2,0.754,12,2.292,382,44.148,384,False
301,101,./instances/msp/2obj/Lyngesen24-msp-2-100|100-uu-2_5.json,sequential,largest,first,all,False,phase1,slow,1.1583100829739124,200,181,200,181,385,385,100|100,100|100,81|100,81|100,,,,,,,,,,,0,2,0.271,6,0,2,0.27,6,0.374,198,0.14,200,False
301,101,./instances/msp/2obj/Lyngesen24-msp-2-100|100-uu-2_5.json,sequential,largest,none,all,False,phase1,slow,1.1002818749984726,200,181,200,181,385,385,100|100,100|100,81|100,81|100,,,,,,,,,,,0,2,0.137,4,0,2,0.137,4,0.413,198,0.0,200,False
301,101,./instances/msp/2obj/Lyngesen24-msp-2-100|100-uu-2_5.json,sequential,largest,100,all,False,phase1,slow,1.4603143339045346,200,181,200,181,385,385,100|100,100|100,81|100,81|100,,,,,,,,,,,0,2,0.791,6,0,2,0.788,6,0.435,198,0.663,200,False
301,101,./instances/msp/2obj/Lyngesen24-msp-2-100|100-uu-2_5.json,sequential,largest,50,all,False,phase1,slow,5.504120083060116,200,181,200,181,385,385,100|100,100|100,81|100,81|100,,,,,,,,,,,0,2,0.441,8,0,2,0.438,8,0.995,198,8.051,200,False
389,110,./instances/msp/2obj/Lyngesen24-msp-2-50|50|50-ull-3_3.json,sequential,largest,first,all,False,bbm,slow,8.593340666033328,150,103,121,103,593,593,50|50|50,21|50|50,3|50|50,3|50|50,,,,,,,,,,,0,2,0.548,6,0,2,0.534,6,0.487,214,14.194,216,False
463,147,./instances/msp/2obj/Lyngesen24-msp-2-50|50|50-ull-3_3.json,sequential,largest,none,all,False,bbm,slow,1.7569768329849467,150,103,150,103,593,593,50|50|50,50|50|50,3|50|50,3|50|50,,,,,,,,,,,0,2,0.298,4,0,2,0.291,4,0.462,288,0.0,290,False
389,110,./instances/msp/2obj/Lyngesen24-msp-2-50|50|50-ull-3_3.json,sequential,largest,100,all,False,bbm,slow,111.37258141604252,150,103,121,103,593,593,50|50|50,21|50|50,3|50|50,3|50|50,,,,,,,,,,,0,2,0.933,8,0,2,0.91,8,1.304,214,218.279,216,False
389,110,./instances/msp/2obj/Lyngesen24-msp-2-50|50|50-ull-3_3.json,sequential,largest,50,all,False,bbm,slow,139.49321808398236,150,103,121,103,593,593,50|50|50,21|50|50,3|50|50,3|50|50,,,,,,,,,,,0,2,1.186,10,0,2,1.155,10,1.606,214,274.639,216,False
289,97,./instances/msp/2obj/Lyngesen24-msp-2-50|50|50-ull-3_3.json,sequential,largest,first,all,False,phase1,slow,8.331701333052479,150,103,120,103,593,593,50|50|50,20|50|50,3|50|50,3|50|50,,,,,,,,,,,0,2,0.54,6,0,2,0.527,6,0.423,188,14.012,190,False
335,113,./instances/msp/2obj/Lyngesen24-msp-2-50|50|50-ull-3_3.json,sequential,largest,none,all,False,phase1,slow,1.2761756250401959,150,103,150,103,593,593,50|50|50,50|50|50,3|50|50,3|50|50,,,,,,,,,,,0,2,0.272,4,0,2,0.265,4,0.332,220,0.0,222,False
289,97,./instances/msp/2obj/Lyngesen24-msp-2-50|50|50-ull-3_3.json,sequential,largest,100,all,False,phase1,slow,8.303657916025259,150,103,120,103,593,593,50|50|50,20|50|50,3|50|50,3|50|50,,,,,,,,,,,0,2,0.556,6,0,2,0.542,6,0.382,188,13.976,190,False
289,97,./instances/msp/2obj/Lyngesen24-msp-2-50|50|50-ull-3_3.json,sequential,largest,50,all,False,phase1,slow,44.01694129197858,150,103,120,103,593,593,50|50|50,20|50|50,3|50|50,3|50|50,,,,,,,,,,,0,2,0.962,8,0,2,0.939,8,1.523,188,83.889,190,False
560,197,./instances/msp/2obj/Lyngesen24-msp-2-100|100-ul-2_3.json,sequential,largest,first,all,False,bbm,slow,2.950789500027895,200,110,200,110,284,284,100|100,100|100,10|100,10|100,,,,,,,,,,,0,2,0.263,6,0,2,0.258,6,1.408,390,2.469,392,False
560,197,./instances/msp/2obj/Lyngesen24-msp-2-100|100-ul-2_3.json,sequential,largest,none,all,False,bbm,slow,1.5782134589971974,200,110,200,110,284,284,100|100,100|100,10|100,10|100,,,,,,,,,,,0,2,0.126,4,0,2,0.123,4,1.233,390,0.0,392,False
560,197,./instances/msp/2obj/Lyngesen24-msp-2-100|100-ul-2_3.json,sequential,largest,100,all,False,bbm,slow,12.305717292008922,200,110,200,110,284,284,100|100,100|100,10|100,10|100,,,,,,,,,,,0,2,0.409,8,0,2,0.398,8,2.531,390,19.764,392,False
560,197,./instances/msp/2obj/Lyngesen24-msp-2-100|100-ul-2_3.json,sequential,largest,50,all,False,bbm,slow,31.05012575001456,200,110,200,110,284,284,100|100,100|100,10|100,10|100,,,,,,,,,,,0,2,0.768,12,0,2,0.75,12,2.646,390,56.748,392,False
407,137,./instances/msp/2obj/Lyngesen24-msp-2-100|100-ul-2_3.json,sequential,largest,first,all,False,phase1,slow,2.3900467079365626,200,110,200,110,284,284,100|100,100|100,10|100,10|100,,,,,,,,,,,0,2,0.234,6,0,2,0.228,6,0.86,270,2.421,272,False
407,137,./instances/msp/2obj/Lyngesen24-msp-2-100|100-ul-2_3.json,sequential,largest,none,all,False,phase1,slow,1.105825625010766,200,110,200,110,284,284,100|100,100|100,10|100,10|100,,,,,,,,,,,0,2,0.125,4,0,2,0.122,4,0.77,270,0.0,272,False
407,137,./instances/msp/2obj/Lyngesen24-msp-2-100|100-ul-2_3.json,sequential,largest,100,all,False,phase1,slow,14.774390208069235,200,110,200,110,284,284,100|100,100|100,10|100,10|100,,,,,,,,,,,0,2,0.393,8,0,2,0.383,8,1.27,270,26.62,272,False
407,137,./instances/msp/2obj/Lyngesen24-msp-2-100|100-ul-2_3.json,sequential,largest,50,all,False,phase1,slow,22.33806049998384,200,110,200,110,284,284,100|100,100|100,10|100,10|100,,,,,,,,,,,0,2,0.547,10,0,2,0.533,10,1.783,270,40.995,272,False
301,149,./instances/msp/2obj/Lyngesen24-msp-2-50|50|50-uuu-3_3.json,sequential,largest,first,all,False,bbm,slow,1.4043593750102445,150,107,150,107,350,350,50|50|50,50|50|50,50|23|34,50|23|34,,,,,,,,,,,0,2,0.454,6,0,2,0.453,6,0.402,292,0.225,294,False
301,149,./instances/msp/2obj/Lyngesen24-msp-2-50|50|50-uuu-3_3.json,sequential,largest,none,all,False,bbm,slow,1.2425936670042574,150,107,150,107,350,350,50|50|50,50|50|50,50|23|34,50|23|34,,,,,,,,,,,0,2,0.229,4,0,2,0.228,4,0.394,292,0.0,294,False
295,146,./instances/msp/2obj/Lyngesen24-msp-2-50|50|50-uuu-3_3.json,sequential,largest,100,all,False,bbm,slow,21.743399458006024,150,107,149,107,350,350,50|50|50,50|50|49,50|23|34,50|23|34,,,,,,,,,,,0,2,0.792,8,0,2,0.787,8,1.431,286,39.42,288,False
295,146,./instances/msp/2obj/Lyngesen24-msp-2-50|50|50-uuu-3_3.json,sequential,largest,50,all,False,bbm,slow,23.326296958024614,150,107,149,107,350,350,50|50|50,50|50|49,50|23|34,50|23|34,,,,,,,,,,,0,2,1.014,10,0,2,1.006,10,1.525,286,42.583,288,False
228,78,./instances/msp/2obj/Lyngesen24-msp-2-50|50|50-uuu-3_3.json,sequential,largest,first,all,False,phase1,slow,1.2347504169447348,150,107,150,107,350,350,50|50|50,50|50|50,50|23|34,50|23|34,,,,,,,,,,,0,2,0.47,6,0,2,0.469,6,0.163,150,0.243,152,False
228,78,./instances/msp/2obj/Lyngesen24-msp-2-50|50|50-uuu-3_3.json,sequential,largest,none,all,False,phase1,slow,1.0495429170550779,150,107,150,107,350,350,50|50|50,50|50|50,50|23|34,50|23|34,,,,,,,,,,,0,2,0.242,4,0,2,0.241,4,0.158,150,0.0,152,False
228,78,./instances/msp/2obj/Lyngesen24-msp-2-50|50|50-uuu-3_3.json,sequential,largest,100,all,False,phase1,slow,1.2122268340317532,150,107,150,107,350,350,50|50|50,50|50|50,50|23|34,50|23|34,,,,,,,,,,,0,2,0.47,6,0,2,0.469,6,0.165,150,0.243,152,False
228,78,./instances/msp/2obj/Lyngesen24-msp-2-50|50|50-uuu-3_3.json,sequential,largest,50,all,False,phase1,slow,12.060781416017562,150,107,150,107,350,350,50|50|50,50|50|50,50|23|34,50|23|34,,,,,,,,,,,0,2,0.755,8,0,2,0.75,8,0.745,150,21.2,152,False
428,197,./instances/msp/2obj/Lyngesen24-msp-2-100|100-mm-2_3.json,sequential,largest,first,all,False,bbm,slow,1.7570555000565946,200,129,200,129,679,679,100|100,100|100,69|60,69|60,,,,,,,,,,,0,2,0.224,6,0,2,0.222,6,1.124,390,0.277,392,False
428,197,./instances/msp/2obj/Lyngesen24-msp-2-100|100-mm-2_3.json,sequential,largest,none,all,False,bbm,slow,1.5933232079260051,200,129,200,129,679,679,100|100,100|100,69|60,69|60,,,,,,,,,,,0,2,0.116,4,0,2,0.114,4,1.087,390,0.0,392,False
420,193,./instances/msp/2obj/Lyngesen24-msp-2-100|100-mm-2_3.json,sequential,largest,100,all,False,bbm,slow,14.576023958041333,200,129,199,129,679,679,100|100,100|99,69|60,69|60,,,,,,,,,,,0,2,0.361,8,0,2,0.352,8,2.846,382,23.451,384,False
410,188,./instances/msp/2obj/Lyngesen24-msp-2-100|100-mm-2_3.json,sequential,largest,50,all,False,bbm,slow,86.86133529199287,200,129,198,129,679,679,100|100,100|98,69|60,69|60,,,,,,,,,,,0,2,0.873,14,0,2,0.837,14,3.036,372,167.81,374,False
373,125,./instances/msp/2obj/Lyngesen24-msp-2-100|100-mm-2_3.json,sequential,largest,first,all,False,phase1,slow,1.6043675829423591,200,129,200,129,679,679,100|100,100|100,69|60,69|60,,,,,,,,,,,0,2,0.781,6,0,2,0.775,6,0.69,246,0.345,248,False
373,125,./instances/msp/2obj/Lyngesen24-msp-2-100|100-mm-2_3.json,sequential,largest,none,all,False,phase1,slow,1.135100124985911,200,129,200,129,679,679,100|100,100|100,69|60,69|60,,,,,,,,,,,0,2,0.125,4,0,2,0.124,4,0.618,246,0.0,248,False
365,117,./instances/msp/2obj/Lyngesen24-msp-2-100|100-mm-2_3.json,sequential,largest,100,all,False,phase1,slow,32.103198374970816,200,129,200,129,679,679,100|100,100|100,69|60,69|60,,,,,,,,,,,0,2,0.401,8,0,2,0.388,8,0.835,230,61.626,232,False
364,116,./instances/msp/2obj/Lyngesen24-msp-2-100|100-mm-2_3.json,sequential,largest,50,all,False,phase1,slow,40.00581945804879,200,129,200,129,679,679,100|100,100|100,69|60,69|60,,,,,,,,,,,0,2,0.554,10,0,2,0.534,10,1.529,228,76.477,230,False
585,291,./instances/msp/2obj/Lyngesen24-msp-2-100|100|100-uuu-3_2.json,sequential,largest,first,all,False,bbm,slow,3.342746333917603,300,165,300,165,751,751,100|100|100,100|100|100,100|34|31,100|34|31,,,,,,,,,,,0,2,0.483,6,0,2,0.482,6,1.508,576,0.236,578,False
585,291,./instances/msp/2obj/Lyngesen24-msp-2-100|100|100-uuu-3_2.json,sequential,largest,none,all,False,bbm,slow,3.187309250002727,300,165,300,165,751,751,100|100|100,100|100|100,100|34|31,100|34|31,,,,,,,,,,,0,2,0.246,4,0,2,0.245,4,1.483,576,0.0,578,False
553,275,./instances/msp/2obj/Lyngesen24-msp-2-100|100|100-uuu-3_2.json,sequential,largest,100,all,False,bbm,slow,151.71020366705488,300,165,297,165,751,751,100|100|100,100|100|97,100|34|31,100|34|31,,,,,,,,,,,0,2,1.049,10,0,2,1.031,10,5.537,544,291.484,546,False
553,275,./instances/msp/2obj/Lyngesen24-msp-2-100|100|100-uuu-3_2.json,sequential,largest,50,all,False,bbm,slow,194.3666890829336,300,165,297,165,751,751,100|100|100,100|100|97,100|34|31,100|34|31,,,,,,,,,,,0,2,1.448,14,0,2,1.417,14,6.378,544,375.946,546,False
452,152,./instances/msp/2obj/Lyngesen24-msp-2-100|100|100-uuu-3_2.json,sequential,largest,first,all,False,phase1,slow,2.404514291905798,300,165,300,165,751,751,100|100|100,100|100|100,100|34|31,100|34|31,,,,,,,,,,,0,2,0.407,6,0,2,0.406,6,0.617,298,0.217,300,False
452,152,./instances/msp/2obj/Lyngesen24-msp-2-100|100|100-uuu-3_2.json,sequential,largest,none,all,False,phase1,slow,2.304494334035553,300,165,300,165,751,751,100|100|100,100|100|100,100|34|31,100|34|31,,,,,,,,,,,0,2,0.215,4,0,2,0.215,4,0.557,298,0.0,300,False
452,152,./instances/msp/2obj/Lyngesen24-msp-2-100|100|100-uuu-3_2.json,sequential,largest,100,all,False,phase1,slow,83.29871899995487,300,165,300,165,751,751,100|100|100,100|100|100,100|34|31,100|34|31,,,,,,,,,,,0,2,0.721,8,0,2,0.709,8,3.599,298,157.994,300,False
452,152,./instances/msp/2obj/Lyngesen24-msp-2-100|100|100-uuu-3_2.json,sequential,largest,50,all,False,phase1,slow,83.94226562499534,300,165,300,165,751,751,100|100|100,100|100|100,100|34|31,100|34|31,,,,,,,,,,,0,2,1.174,10,0,2,1.156,10,3.882,298,159.004,300,False
761,212,./instances/msp/2obj/Lyngesen24-msp-2-100|100|100-ull-3_2.json,sequential,largest,first,all,False,bbm,slow,35.46145654201973,300,202,228,202,1345,1345,100|100|100,28|100|100,2|100|100,2|100|100,,,,,,,,,,,0,2,0.696,6,0,2,0.664,6,1.766,418,64.317,420,False
923,293,./instances/msp/2obj/Lyngesen24-msp-2-100|100|100-ull-3_2.json,sequential,largest,none,all,False,bbm,slow,3.367217499995604,300,202,300,202,1345,1345,100|100|100,100|100|100,2|100|100,2|100|100,,,,,,,,,,,0,2,0.369,4,0,2,0.306,4,1.852,580,0.0,582,False
761,212,./instances/msp/2obj/Lyngesen24-msp-2-100|100|100-ull-3_2.json,sequential,largest,100,all,False,bbm,slow,807.7312429999001,300,202,228,202,1345,1345,100|100|100,28|100|100,2|100|100,2|100|100,,,,,,,,,,,0,2,1.389,10,0,2,1.317,10,5.953,418,1603.594,420,False
761,212,./instances/msp/2obj/Lyngesen24-msp-2-100|100|100-ull-3_2.json,sequential,largest,50,all,False,bbm,slow,1123.2374413328944,300,202,228,202,1345,1345,100|100|100,28|100|100,2|100|100,2|100|100,,,,,,,,,,,0,2,2.608,14,0,2,2.501,14,6.496,418,2233.519,420,False
566,188,./instances/msp/2obj/Lyngesen24-msp-2-100|100|100-ull-3_2.json,sequential,largest,first,all,False,phase1,slow,35.578600083012134,300,202,230,202,1345,1345,100|100|100,30|100|100,2|100|100,2|100|100,,,,,,,,,,,0,2,0.844,6,0,2,0.812,6,1.51,370,64.939,372,False
672,224,./instances/msp/2obj/Lyngesen24-msp-2-100|100|100-ull-3_2.json,sequential,largest,none,all,False,phase1,slow,2.928413624991663,300,202,300,202,1345,1345,100|100|100,100|100|100,2|100|100,2|100|100,,,,,,,,,,,0,2,0.38,4,0,2,0.364,4,1.35,442,0.0,444,False
566,188,./instances/msp/2obj/Lyngesen24-msp-2-100|100|100-ull-3_2.json,sequential,largest,100,all,False,phase1,slow,184.10242016694974,300,202,230,202,1345,1345,100|100|100,30|100|100,2|100|100,2|100|100,,,,,,,,,,,0,2,1.198,8,0,2,1.147,8,5.343,370,356.747,372,False
566,188,./instances/msp/2obj/Lyngesen24-msp-2-100|100|100-ull-3_2.json,sequential,largest,50,all,False,phase1,slow,757.9478092909558,300,202,230,202,1345,1345,100|100|100,30|100|100,2|100|100,2|100|100,,,,,,,,,,,0,2,1.917,12,0,2,1.776,12,5.287,370,1504.925,372,False
753,212,./instances/msp/2obj/Lyngesen24-msp-2-100|100|100-ull-3_3.json,sequential,largest,first,all,False,bbm,slow,35.77755570795853,300,202,228,202,1329,1329,100|100|100,28|100|100,2|100|100,2|100|100,,,,,,,,,,,0,2,0.846,6,0,2,0.813,6,1.759,418,64.719,420,False
921,296,./instances/msp/2obj/Lyngesen24-msp-2-100|100|100-ull-3_3.json,sequential,largest,none,all,False,bbm,slow,3.620618792017922,300,202,300,202,1329,1329,100|100|100,100|100|100,2|100|100,2|100|100,,,,,,,,,,,0,2,0.415,4,0,2,0.399,4,1.911,586,0.0,588,False
753,212,./instances/msp/2obj/Lyngesen24-msp-2-100|100|100-ull-3_3.json,sequential,largest,100,all,False,bbm,slow,795.6116094170138,300,202,228,202,1329,1329,100|100|100,28|100|100,2|100|100,2|100|100,,,,,,,,,,,0,2,2.752,10,0,2,2.675,10,6.117,418,1578.898,420,False
753,212,./instances/msp/2obj/Lyngesen24-msp-2-100|100|100-ull-3_3.json,sequential,largest,50,all,False,bbm,slow,1104.3256700839847,300,202,228,202,1329,1329,100|100|100,28|100|100,2|100|100,2|100|100,,,,,,,,,,,0,2,2.27,14,0,2,2.162,14,6.991,418,2195.101,420,False
557,187,./instances/msp/2obj/Lyngesen24-msp-2-100|100|100-ull-3_3.json,sequential,largest,first,all,False,phase1,slow,35.444499082979746,300,202,224,202,1329,1329,100|100|100,24|100|100,2|100|100,2|100|100,,,,,,,,,,,0,2,0.753,6,0,2,0.721,6,1.471,368,64.931,370,False
672,226,./instances/msp/2obj/Lyngesen24-msp-2-100|100|100-ull-3_3.json,sequential,largest,none,all,False,phase1,slow,2.90331187506672,300,202,300,202,1329,1329,100|100|100,100|100|100,2|100|100,2|100|100,,,,,,,,,,,0,2,0.357,4,0,2,0.341,4,1.313,446,0.0,448,False
557,187,./instances/msp/2obj/Lyngesen24-msp-2-100|100|100-ull-3_3.json,sequential,largest,100,all,False,phase1,slow,184.6797102499986,300,202,224,202,1329,1329,100|100|100,24|100|100,2|100|100,2|100|100,,,,,,,,,,,0,2,1.139,8,0,2,1.038,8,5.768,368,358.015,370,False
557,187,./instances/msp/2obj/Lyngesen24-msp-2-100|100|100-ull-3_3.json,sequential,largest,50,all,False,phase1,slow,790.9465537919896,300,202,224,202,1329,1329,100|100|100,24|100|100,2|100|100,2|100|100,,,,,,,,,,,0,2,2.324,12,0,2,2.233,12,5.599,368,1570.255,370,False
591,294,./instances/msp/2obj/Lyngesen24-msp-2-100|100|100-uuu-3_3.json,sequential,largest,first,all,False,bbm,slow,4.152859000023454,300,267,300,267,735,735,100|100|100,100|100|100,67|100|100,67|100|100,,,,,,,,,,,0,2,0.684,6,0,2,0.683,6,1.578,582,0.315,584,False
591,294,./instances/msp/2obj/Lyngesen24-msp-2-100|100|100-uuu-3_3.json,sequential,largest,none,all,False,bbm,slow,3.9609519169898704,300,267,300,267,735,735,100|100|100,100|100|100,67|100|100,67|100|100,,,,,,,,,,,0,2,0.321,4,0,2,0.32,4,1.508,582,0.0,584,False
591,294,./instances/msp/2obj/Lyngesen24-msp-2-100|100|100-uuu-3_3.json,sequential,largest,100,all,False,bbm,slow,130.42223083297722,300,267,300,267,735,735,100|100|100,100|100|100,67|100|100,67|100|100,,,,,,,,,,,0,2,1.403,10,0,2,1.388,10,5.989,582,246.128,584,False
591,294,./instances/msp/2obj/Lyngesen24-msp-2-100|100|100-uuu-3_3.json,sequential,largest,50,all,False,bbm,slow,415.12630587501917,300,267,300,267,735,735,100|100|100,100|100|100,67|100|100,67|100|100,,,,,,,,,,,0,2,2.227,16,0,2,2.187,16,7.024,582,815.639,584,False
453,153,./instances/msp/2obj/Lyngesen24-msp-2-100|100|100-uuu-3_3.json,sequential,largest,first,all,False,phase1,slow,3.228569334023632,300,267,300,267,735,735,100|100|100,100|100|100,67|100|100,67|100|100,,,,,,,,,,,0,2,0.61,6,0,2,0.609,6,0.62,300,0.324,302,False
453,153,./instances/msp/2obj/Lyngesen24-msp-2-100|100|100-uuu-3_3.json,sequential,largest,none,all,False,phase1,slow,3.0258102089865133,300,267,300,267,735,735,100|100|100,100|100|100,67|100|100,67|100|100,,,,,,,,,,,0,2,0.278,4,0,2,0.278,4,0.571,300,0.0,302,False
453,153,./instances/msp/2obj/Lyngesen24-msp-2-100|100|100-uuu-3_3.json,sequential,largest,100,all,False,phase1,slow,74.36310529208276,300,267,300,267,735,735,100|100|100,100|100|100,67|100|100,67|100|100,,,,,,,,,,,0,2,0.909,8,0,2,0.899,8,3.079,300,139.286,302,False
453,153,./instances/msp/2obj/Lyngesen24-msp-2-100|100|100-uuu-3_3.json,sequential,largest,50,all,False,phase1,slow,304.01689579198137,300,267,300,267,735,735,100|100|100,100|100|100,67|100|100,67|100|100,,,,,,,,,,,0,2,1.702,12,0,2,1.675,12,3.273,300,598.558,302,False
238,100,./instances/msp/2obj/Lyngesen24-msp-2-50|50-mm-2_1.json,sequential,largest,first,all,False,bbm,slow,0.9046852920437232,100,72,100,72,297,297,50|50,50|50,33|39,33|39,,,,,,,,,,,0,2,0.287,6,0,2,0.284,6,0.31,196,0.361,198,False
238,100,./instances/msp/2obj/Lyngesen24-msp-2-50|50-mm-2_1.json,sequential,largest,none,all,False,bbm,slow,0.6874580000294372,100,72,100,72,297,297,50|50,50|50,33|39,33|39,,,,,,,,,,,0,2,0.143,4,0,2,0.141,4,0.288,196,0.0,198,False
238,100,./instances/msp/2obj/Lyngesen24-msp-2-50|50-mm-2_1.json,sequential,largest,100,all,False,bbm,slow,0.8737761249067262,100,72,100,72,297,297,50|50,50|50,33|39,33|39,,,,,,,,,,,0,2,0.259,6,0,2,0.256,6,0.309,196,0.356,198,False
238,100,./instances/msp/2obj/Lyngesen24-msp-2-50|50-mm-2_1.json,sequential,largest,50,all,False,bbm,slow,4.173357041901909,100,72,100,72,297,297,50|50,50|50,33|39,33|39,,,,,,,,,,,0,2,0.419,8,0,2,0.412,8,0.744,196,6.383,198,False
194,66,./instances/msp/2obj/Lyngesen24-msp-2-50|50-mm-2_1.json,sequential,largest,first,all,False,phase1,slow,0.785389915923588,100,72,100,72,297,297,50|50,50|50,33|39,33|39,,,,,,,,,,,0,2,0.275,6,0,2,0.272,6,0.192,128,0.365,130,False
194,66,./instances/msp/2obj/Lyngesen24-msp-2-50|50-mm-2_1.json,sequential,largest,none,all,False,phase1,slow,0.6120477920630947,100,72,100,72,297,297,50|50,50|50,33|39,33|39,,,,,,,,,,,0,2,0.14,4,0,2,0.139,4,0.177,128,0.0,130,False
194,66,./instances/msp/2obj/Lyngesen24-msp-2-50|50-mm-2_1.json,sequential,largest,100,all,False,phase1,slow,0.7840779589023441,100,72,100,72,297,297,50|50,50|50,33|39,33|39,,,,,,,,,,,0,2,0.279,6,0,2,0.276,6,0.191,128,0.368,130,False
193,65,./instances/msp/2obj/Lyngesen24-msp-2-50|50-mm-2_1.json,sequential,largest,50,all,False,phase1,slow,7.260025958996266,100,72,100,72,297,297,50|50,50|50,33|39,33|39,,,,,,,,,,,0,2,0.465,8,0,2,0.457,8,0.277,126,13.152,128,False
426,198,./instances/msp/2obj/Lyngesen24-msp-2-100|100-mm-2_2.json,sequential,largest,first,all,False,bbm,slow,1.837178541929461,200,109,200,109,747,747,100|100,100|100,57|52,57|52,,,,,,,,,,,0,2,0.293,6,0,2,0.291,6,1.204,392,0.267,394,False
426,198,./instances/msp/2obj/Lyngesen24-msp-2-100|100-mm-2_2.json,sequential,largest,none,all,False,bbm,slow,1.605262458906509,200,109,200,109,747,747,100|100,100|100,57|52,57|52,,,,,,,,,,,0,2,0.14,4,0,2,0.139,4,1.099,392,0.0,394,False
424,197,./instances/msp/2obj/Lyngesen24-msp-2-100|100-mm-2_2.json,sequential,largest,100,all,False,bbm,slow,13.505188166978769,200,109,200,109,747,747,100|100,100|100,57|52,57|52,,,,,,,,,,,0,2,0.833,8,0,2,0.821,8,3.105,390,20.935,392,False
404,187,./instances/msp/2obj/Lyngesen24-msp-2-100|100-mm-2_2.json,sequential,largest,50,all,False,bbm,slow,92.55292554199696,200,109,197,109,747,747,100|100,100|97,57|52,57|52,,,,,,,,,,,0,2,1.036,14,0,2,1.0,14,3.171,370,178.946,372,False
369,123,./instances/msp/2obj/Lyngesen24-msp-2-100|100-mm-2_2.json,sequential,largest,first,all,False,phase1,slow,1.3355870000086725,200,109,200,109,747,747,100|100,100|100,57|52,57|52,,,,,,,,,,,0,2,0.285,6,0,2,0.283,6,0.683,242,0.276,244,False
369,123,./instances/msp/2obj/Lyngesen24-msp-2-100|100-mm-2_2.json,sequential,largest,none,all,False,phase1,slow,1.131766959093511,200,109,200,109,747,747,100|100,100|100,57|52,57|52,,,,,,,,,,,0,2,0.132,4,0,2,0.131,4,0.656,242,0.0,244,False
365,119,./instances/msp/2obj/Lyngesen24-msp-2-100|100-mm-2_2.json,sequential,largest,100,all,False,phase1,slow,35.89300949999597,200,109,199,109,747,747,100|100,100|99,57|52,57|52,,,,,,,,,,,0,2,0.468,8,0,2,0.454,8,0.968,234,68.924,236,False
366,120,./instances/msp/2obj/Lyngesen24-msp-2-100|100-mm-2_2.json,sequential,largest,50,all,False,phase1,slow,9.536571207921952,200,109,200,109,747,747,100|100,100|100,57|52,57|52,,,,,,,,,,,0,2,0.493,8,0,2,0.485,8,1.463,236,15.411,238,False
295,146,./instances/msp/2obj/Lyngesen24-msp-2-50|50|50-uuu-3_2.json,sequential,largest,first,all,False,bbm,slow,1.7917757499963045,150,150,150,150,429,429,50|50|50,50|50|50,50|50|50,50|50|50,,,,,,,,,,,0,2,0.58,6,0,2,0.579,6,0.389,286,0.265,288,False
295,146,./instances/msp/2obj/Lyngesen24-msp-2-50|50|50-uuu-3_2.json,sequential,largest,none,all,False,bbm,slow,1.5688372920267284,150,150,150,150,429,429,50|50|50,50|50|50,50|50|50,50|50|50,,,,,,,,,,,0,2,0.258,4,0,2,0.258,4,0.376,286,0.0,288,False
295,146,./instances/msp/2obj/Lyngesen24-msp-2-50|50|50-uuu-3_2.json,sequential,largest,100,all,False,bbm,slow,35.57280820806045,150,150,150,150,429,429,50|50|50,50|50|50,50|50|50,50|50|50,,,,,,,,,,,0,2,0.81,8,0,2,0.804,8,1.677,286,66.434,288,False
295,146,./instances/msp/2obj/Lyngesen24-msp-2-50|50|50-uuu-3_2.json,sequential,largest,50,all,False,bbm,slow,38.00115691695828,150,150,150,150,429,429,50|50|50,50|50|50,50|50|50,50|50|50,,,,,,,,,,,0,2,1.012,10,0,2,1.005,10,1.742,286,71.202,288,False
228,78,./instances/msp/2obj/Lyngesen24-msp-2-50|50|50-uuu-3_2.json,sequential,largest,first,all,False,phase1,slow,1.7706972080050036,150,150,150,150,429,429,50|50|50,50|50|50,50|50|50,50|50|50,,,,,,,,,,,0,2,0.517,6,0,2,0.516,6,0.164,150,0.262,152,False
228,78,./instances/msp/2obj/Lyngesen24-msp-2-50|50|50-uuu-3_2.json,sequential,largest,none,all,False,phase1,slow,1.324166000005789,150,150,150,150,429,429,50|50|50,50|50|50,50|50|50,50|50|50,,,,,,,,,,,0,2,0.248,4,0,2,0.248,4,0.156,150,0.0,152,False
228,78,./instances/msp/2obj/Lyngesen24-msp-2-50|50|50-uuu-3_2.json,sequential,largest,100,all,False,phase1,slow,1.4655963340774179,150,150,150,150,429,429,50|50|50,50|50|50,50|50|50,50|50|50,,,,,,,,,,,0,2,0.495,6,0,2,0.495,6,0.162,150,0.256,152,False
228,78,./instances/msp/2obj/Lyngesen24-msp-2-50|50|50-uuu-3_2.json,sequential,largest,50,all,False,phase1,slow,21.22618129197508,150,150,150,150,429,429,50|50|50,50|50|50,50|50|50,50|50|50,,,,,,,,,,,0,2,0.777,8,0,2,0.771,8,0.811,150,38.856,152,False
391,108,./instances/msp/2obj/Lyngesen24-msp-2-50|50|50-ull-3_2.json,sequential,largest,first,all,False,bbm,slow,8.635725374915637,150,103,121,103,617,617,50|50|50,21|50|50,3|50|50,3|50|50,,,,,,,,,,,0,2,0.643,6,0,2,0.628,6,0.449,210,14.397,212,False
467,146,./instances/msp/2obj/Lyngesen24-msp-2-50|50|50-ull-3_2.json,sequential,largest,none,all,False,bbm,slow,1.4323581249918789,150,103,150,103,617,617,50|50|50,50|50|50,3|50|50,3|50|50,,,,,,,,,,,0,2,0.282,4,0,2,0.274,4,0.464,286,0.0,288,False
391,108,./instances/msp/2obj/Lyngesen24-msp-2-50|50|50-ull-3_2.json,sequential,largest,100,all,False,bbm,slow,119.3156614160398,150,103,121,103,617,617,50|50|50,21|50|50,3|50|50,3|50|50,,,,,,,,,,,0,2,0.893,8,0,2,0.869,8,1.26,210,234.753,212,False
391,108,./instances/msp/2obj/Lyngesen24-msp-2-50|50|50-ull-3_2.json,sequential,largest,50,all,False,bbm,slow,147.2285153339617,150,103,121,103,617,617,50|50|50,21|50|50,3|50|50,3|50|50,,,,,,,,,,,0,2,1.105,10,0,2,1.072,10,1.82,210,289.937,212,False
295,99,./instances/msp/2obj/Lyngesen24-msp-2-50|50|50-ull-3_2.json,sequential,largest,first,all,False,phase1,slow,8.579911916982383,150,103,120,103,617,617,50|50|50,20|50|50,3|50|50,3|50|50,,,,,,,,,,,0,2,0.51,6,0,2,0.496,6,0.391,192,14.671,194,False
341,115,./instances/msp/2obj/Lyngesen24-msp-2-50|50|50-ull-3_2.json,sequential,largest,none,all,False,phase1,slow,1.2254071669885889,150,103,150,103,617,617,50|50|50,50|50|50,3|50|50,3|50|50,,,,,,,,,,,0,2,0.255,4,0,2,0.248,4,0.342,224,0.0,226,False
295,99,./instances/msp/2obj/Lyngesen24-msp-2-50|50|50-ull-3_2.json,sequential,largest,100,all,False,phase1,slow,8.516827833023854,150,103,120,103,617,617,50|50|50,20|50|50,3|50|50,3|50|50,,,,,,,,,,,0,2,0.485,6,0,2,0.471,6,0.393,192,14.562,194,False
295,99,./instances/msp/2obj/Lyngesen24-msp-2-50|50|50-ull-3_2.json,sequential,largest,50,all,False,phase1,slow,47.28260829206556,150,103,120,103,617,617,50|50|50,20|50|50,3|50|50,3|50|50,,,,,,,,,,,0,2,0.749,8,0,2,0.725,8,1.792,192,90.225,194,False
290,99,./instances/msp/2obj/Lyngesen24-msp-2-50|50-ul-2_1.json,sequential,largest,first,all,False,bbm,slow,1.3931176669429988,100,61,100,61,173,173,50|50,50|50,11|50,11|50,,,,,,,,,,,0,2,0.829,6,0,2,0.822,6,0.351,194,0.977,196,False
290,99,./instances/msp/2obj/Lyngesen24-msp-2-50|50-ul-2_1.json,sequential,largest,none,all,False,bbm,slow,0.6080187920015305,100,61,100,61,173,173,50|50,50|50,11|50,11|50,,,,,,,,,,,0,2,0.11,4,0,2,0.109,4,0.3,194,0.0,196,False
290,99,./instances/msp/2obj/Lyngesen24-msp-2-50|50-ul-2_1.json,sequential,largest,100,all,False,bbm,slow,1.0651421659858897,100,61,100,61,173,173,50|50,50|50,11|50,11|50,,,,,,,,,,,0,2,0.215,6,0,2,0.212,6,0.36,194,0.821,196,False
290,99,./instances/msp/2obj/Lyngesen24-msp-2-50|50-ul-2_1.json,sequential,largest,50,all,False,bbm,slow,4.416072582942434,100,61,100,61,173,173,50|50,50|50,11|50,11|50,,,,,,,,,,,0,2,0.337,8,0,2,0.33,8,0.735,194,6.963,196,False
215,73,./instances/msp/2obj/Lyngesen24-msp-2-50|50-ul-2_1.json,sequential,largest,first,all,False,phase1,slow,1.0061848750337958,100,61,100,61,173,173,50|50,50|50,11|50,11|50,,,,,,,,,,,0,2,0.233,6,0,2,0.23,6,0.288,142,0.844,144,False
215,73,./instances/msp/2obj/Lyngesen24-msp-2-50|50-ul-2_1.json,sequential,largest,none,all,False,phase1,slow,0.5486495000077412,100,61,100,61,173,173,50|50,50|50,11|50,11|50,,,,,,,,,,,0,2,0.118,4,0,2,0.116,4,0.209,142,0.0,144,False
215,73,./instances/msp/2obj/Lyngesen24-msp-2-50|50-ul-2_1.json,sequential,largest,100,all,False,phase1,slow,0.983635832904838,100,61,100,61,173,173,50|50,50|50,11|50,11|50,,,,,,,,,,,0,2,0.231,6,0,2,0.228,6,0.292,142,0.818,144,False
215,73,./instances/msp/2obj/Lyngesen24-msp-2-50|50-ul-2_1.json,sequential,largest,50,all,False,phase1,slow,4.681903375079855,100,61,100,61,173,173,50|50,50|50,11|50,11|50,,,,,,,,,,,0,2,0.353,8,0,2,0.346,8,0.442,142,8.019,144,False
544,195,./instances/msp/2obj/Lyngesen24-msp-2-100|100-ul-2_2.json,sequential,largest,first,all,False,bbm,slow,2.8540791249834,200,113,200,113,333,333,100|100,100|100,13|100,13|100,,,,,,,,,,,0,2,0.283,6,0,2,0.278,6,1.385,386,2.177,388,False
544,195,./instances/msp/2obj/Lyngesen24-msp-2-100|100-ul-2_2.json,sequential,largest,none,all,False,bbm,slow,1.5689947080099955,200,113,200,113,333,333,100|100,100|100,13|100,13|100,,,,,,,,,,,0,2,0.115,4,0,2,0.113,4,1.19,386,0.0,388,False
544,195,./instances/msp/2obj/Lyngesen24-msp-2-100|100-ul-2_2.json,sequential,largest,100,all,False,bbm,slow,13.80481379199773,200,113,200,113,333,333,100|100,100|100,13|100,13|100,,,,,,,,,,,0,2,0.385,8,0,2,0.375,8,2.81,386,22.126,388,False
542,194,./instances/msp/2obj/Lyngesen24-msp-2-100|100-ul-2_2.json,sequential,largest,50,all,False,bbm,slow,33.13293287495617,200,113,200,113,333,333,100|100,100|100,13|100,13|100,,,,,,,,,,,0,2,0.697,12,0,2,0.678,12,2.965,384,60.648,386,False
389,129,./instances/msp/2obj/Lyngesen24-msp-2-100|100-ul-2_2.json,sequential,largest,first,all,False,phase1,slow,2.1803097499068826,200,113,200,113,333,333,100|100,100|100,13|100,13|100,,,,,,,,,,,0,2,0.216,6,0,2,0.211,6,0.776,254,2.073,256,False
389,129,./instances/msp/2obj/Lyngesen24-msp-2-100|100-ul-2_2.json,sequential,largest,none,all,False,phase1,slow,1.0420375419780612,200,113,200,113,333,333,100|100,100|100,13|100,13|100,,,,,,,,,,,0,2,0.111,4,0,2,0.108,4,0.694,254,0.0,256,False
389,129,./instances/msp/2obj/Lyngesen24-msp-2-100|100-ul-2_2.json,sequential,largest,100,all,False,phase1,slow,16.412799333920702,200,113,200,113,333,333,100|100,100|100,13|100,13|100,,,,,,,,,,,0,2,0.386,8,0,2,0.375,8,1.114,254,30.111,256,False
389,129,./instances/msp/2obj/Lyngesen24-msp-2-100|100-ul-2_2.json,sequential,largest,50,all,False,phase1,slow,25.08117466699332,200,113,200,113,333,333,100|100,100|100,13|100,13|100,,,,,,,,,,,0,2,0.485,10,0,2,0.47,10,1.869,254,46.307,256,False
390,194,./instances/msp/2obj/Lyngesen24-msp-2-100|100-uu-2_4.json,sequential,largest,first,all,False,bbm,slow,1.6957591249374673,200,200,200,200,299,299,100|100,100|100,100|100,100|100,,,,,,,,,,,0,2,0.237,6,0,2,0.236,6,1.024,384,0.11,386,False
390,194,./instances/msp/2obj/Lyngesen24-msp-2-100|100-uu-2_4.json,sequential,largest,none,all,False,bbm,slow,1.5916265829000622,200,200,200,200,299,299,100|100,100|100,100|100,100|100,,,,,,,,,,,0,2,0.114,4,0,2,0.113,4,1.011,384,0.0,386,False
390,194,./instances/msp/2obj/Lyngesen24-msp-2-100|100-uu-2_4.json,sequential,largest,100,all,False,bbm,slow,8.067736500059254,200,200,200,200,299,299,100|100,100|100,100|100,100|100,,,,,,,,,,,0,2,0.371,8,0,2,0.366,8,2.054,384,11.616,386,False
390,194,./instances/msp/2obj/Lyngesen24-msp-2-100|100-uu-2_4.json,sequential,largest,50,all,False,bbm,slow,23.828795708017424,200,200,200,200,299,299,100|100,100|100,100|100,100|100,,,,,,,,,,,0,2,0.665,12,0,2,0.653,12,2.322,384,42.84,386,False
302,102,./instances/msp/2obj/Lyngesen24-msp-2-100|100-uu-2_4.json,sequential,largest,first,all,False,phase1,slow,1.106356667005457,200,200,200,200,299,299,100|100,100|100,100|100,100|100,,,,,,,,,,,0,2,0.21,6,0,2,0.209,6,0.427,200,0.1,202,False
302,102,./instances/msp/2obj/Lyngesen24-msp-2-100|100-uu-2_4.json,sequential,largest,none,all,False,phase1,slow,1.3337515000021085,200,200,200,200,299,299,100|100,100|100,100|100,100|100,,,,,,,,,,,0,2,0.637,4,0,2,0.635,4,0.395,200,0.0,202,False
302,102,./instances/msp/2obj/Lyngesen24-msp-2-100|100-uu-2_4.json,sequential,largest,100,all,False,phase1,slow,14.022741749999113,200,200,200,200,299,299,100|100,100|100,100|100,100|100,,,,,,,,,,,0,2,0.35,8,0,2,0.345,8,0.386,200,25.978,202,False
302,102,./instances/msp/2obj/Lyngesen24-msp-2-100|100-uu-2_4.json,sequential,largest,50,all,False,phase1,slow,18.6147489589639,200,200,200,200,299,299,100|100,100|100,100|100,100|100,,,,,,,,,,,0,2,0.51,10,0,2,0.501,10,0.901,200,34.395,202,False
295,146,./instances/msp/2obj/Lyngesen24-msp-2-50|50|50-uuu-3_1.json,sequential,largest,first,all,False,bbm,slow,1.439216124941595,150,150,150,150,475,475,50|50|50,50|50|50,50|50|50,50|50|50,,,,,,,,,,,0,2,0.369,6,0,2,0.368,6,0.392,286,0.179,288,False
295,146,./instances/msp/2obj/Lyngesen24-msp-2-50|50|50-uuu-3_1.json,sequential,largest,none,all,False,bbm,slow,1.3345238339388743,150,150,150,150,475,475,50|50|50,50|50|50,50|50|50,50|50|50,,,,,,,,,,,0,2,0.195,4,0,2,0.195,4,0.385,286,0.0,288,False
295,146,./instances/msp/2obj/Lyngesen24-msp-2-50|50|50-uuu-3_1.json,sequential,largest,100,all,False,bbm,slow,40.93523483304307,150,150,150,150,475,475,50|50|50,50|50|50,50|50|50,50|50|50,,,,,,,,,,,0,2,0.584,8,0,2,0.577,8,1.598,286,77.455,288,False
295,146,./instances/msp/2obj/Lyngesen24-msp-2-50|50|50-uuu-3_1.json,sequential,largest,50,all,False,bbm,slow,45.1839816669235,150,150,150,150,475,475,50|50|50,50|50|50,50|50|50,50|50|50,,,,,,,,,,,0,2,0.925,10,0,2,0.915,10,1.697,286,85.725,288,False
228,78,./instances/msp/2obj/Lyngesen24-msp-2-50|50|50-uuu-3_1.json,sequential,largest,first,all,False,phase1,slow,1.2709842919139192,150,150,150,150,475,475,50|50|50,50|50|50,50|50|50,50|50|50,,,,,,,,,,,0,2,0.39,6,0,2,0.389,6,0.162,150,0.2,152,False
228,78,./instances/msp/2obj/Lyngesen24-msp-2-50|50|50-uuu-3_1.json,sequential,largest,none,all,False,phase1,slow,1.1771198329515755,150,150,150,150,475,475,50|50|50,50|50|50,50|50|50,50|50|50,,,,,,,,,,,0,2,0.2,4,0,2,0.2,4,0.158,150,0.0,152,False
228,78,./instances/msp/2obj/Lyngesen24-msp-2-50|50|50-uuu-3_1.json,sequential,largest,100,all,False,phase1,slow,1.2691440409980714,150,150,150,150,475,475,50|50|50,50|50|50,50|50|50,50|50|50,,,,,,,,,,,0,2,0.396,6,0,2,0.395,6,0.163,150,0.2,152,False
228,78,./instances/msp/2obj/Lyngesen24-msp-2-50|50|50-uuu-3_1.json,sequential,largest,50,all,False,phase1,slow,20.864220625022426,150,150,150,150,475,475,50|50|50,50|50|50,50|50|50,50|50|50,,,,,,,,,,,0,2,0.627,8,0,2,0.621,8,0.889,150,38.392,152,False
483,225,test,sequential,largest,first,all,False,bbm,slow,2.6450002499623224,262,150,262,127,1171,1171,90|86|86,90|86|86,60|40|27,60|45|45,,,,,,,,,,,0,2,0.413,6,0,2,0.41,6,1.074,444,0.494,446,False
483,225,test,sequential,largest,none,all,False,bbm,slow,2.2917042089393362,262,150,262,127,1171,1171,90|86|86,90|86|86,60|40|27,60|45|45,,,,,,,,,,,0,2,0.182,4,0,2,0.181,4,0.939,444,0.0,446,False
443,205,test,sequential,largest,100,all,False,bbm,slow,274.45901162491646,262,150,247,127,1171,1171,90|86|86,90|79|78,60|40|27,60|45|45,,,,,,,,,,,0,2,1.015,10,0,2,0.99,10,2.756,404,541.622,406,False
437,202,test,sequential,largest,50,all,False,bbm,slow,88.18669658305589,262,150,245,127,1171,1171,90|86|86,89|79|77,60|40|27,60|45|45,,,,,,,,,,,0,2,1.665,12,0,2,1.642,12,4.893,398,166.149,400,False
463,149,test,sequential,largest,first,all,False,phase1,slow,2.3963512090267614,262,150,262,127,1171,1171,90|86|86,90|86|86,60|40|27,60|45|45,,,,,,,,,,,0,2,0.531,6,0,2,0.528,6,0.718,292,0.567,294,False
463,149,test,sequential,largest,none,all,False,phase1,slow,2.072353833937086,262,150,262,127,1171,1171,90|86|86,90|86|86,60|40|27,60|45|45,,,,,,,,,,,0,2,0.276,4,0,2,0.275,4,0.648,292,0.0,294,False
439,137,test,sequential,largest,100,all,False,phase1,slow,96.92700554197654,262,150,248,127,1171,1171,90|86|86,90|86|72,60|40|27,60|45|45,,,,,,,,,,,0,2,0.828,8,0,2,0.812,8,2.996,268,186.5,270,False
455,141,test,sequential,largest,50,all,False,phase1,slow,74.42110720893834,262,150,259,127,1171,1171,90|86|86,90|86|83,60|40|27,60|45|45,,,,,,,,,,,0,2,1.142,10,0,2,1.051,10,3.487,276,140.569,278,False
403,112,./instances/msp/2obj/Lyngesen24-msp-2-50|50|50-ull-3_1.json,sequential,largest,first,all,False,bbm,slow,10.207702917046845,150,103,122,103,659,659,50|50|50,22|50|50,3|50|50,3|50|50,,,,,,,,,,,0,2,0.625,6,0,2,0.608,6,0.529,218,17.218,220,False
475,148,./instances/msp/2obj/Lyngesen24-msp-2-50|50|50-ull-3_1.json,sequential,largest,none,all,False,bbm,slow,1.5399815000128,150,103,150,103,659,659,50|50|50,50|50|50,3|50|50,3|50|50,,,,,,,,,,,0,2,0.296,4,0,2,0.288,4,0.471,290,0.0,292,False
403,112,./instances/msp/2obj/Lyngesen24-msp-2-50|50|50-ull-3_1.json,sequential,largest,100,all,False,bbm,slow,130.58249670802616,150,103,122,103,659,659,50|50|50,22|50|50,3|50|50,3|50|50,,,,,,,,,,,0,2,0.948,8,0,2,0.922,8,1.238,218,256.898,220,False
403,112,./instances/msp/2obj/Lyngesen24-msp-2-50|50|50-ull-3_1.json,sequential,largest,50,all,False,bbm,slow,164.76427562499885,150,103,122,103,659,659,50|50|50,22|50|50,3|50|50,3|50|50,,,,,,,,,,,0,2,1.186,10,0,2,1.149,10,1.708,218,325.071,220,False
304,102,./instances/msp/2obj/Lyngesen24-msp-2-50|50|50-ull-3_1.json,sequential,largest,first,all,False,phase1,slow,9.994728291989304,150,103,122,103,659,659,50|50|50,22|50|50,3|50|50,3|50|50,,,,,,,,,,,0,2,0.535,6,0,2,0.518,6,0.464,198,17.163,200,False
347,117,./instances/msp/2obj/Lyngesen24-msp-2-50|50|50-ull-3_1.json,sequential,largest,none,all,False,phase1,slow,1.3730597919784486,150,103,150,103,659,659,50|50|50,50|50|50,3|50|50,3|50|50,,,,,,,,,,,0,2,0.36,4,0,2,0.285,4,0.35,228,0.0,230,False
304,102,./instances/msp/2obj/Lyngesen24-msp-2-50|50|50-ull-3_1.json,sequential,largest,100,all,False,phase1,slow,200.52178850001656,150,103,122,103,659,659,50|50|50,22|50|50,3|50|50,3|50|50,,,,,,,,,,,0,2,0.863,8,0,2,0.837,8,0.484,198,398.138,200,False
304,102,./instances/msp/2obj/Lyngesen24-msp-2-50|50|50-ull-3_1.json,sequential,largest,50,all,False,phase1,slow,247.24134408298414,150,103,122,103,659,659,50|50|50,22|50|50,3|50|50,3|50|50,,,,,,,,,,,0,2,1.311,10,0,2,1.273,10,1.403,198,490.228,200,False
284,97,./instances/msp/2obj/Lyngesen24-msp-2-50|50-ul-2_2.json,sequential,largest,first,all,False,bbm,slow,1.1874303340446204,100,66,100,66,245,245,50|50,50|50,16|50,16|50,,,,,,,,,,,0,2,0.312,6,0,2,0.309,6,0.346,190,0.83,192,False
284,97,./instances/msp/2obj/Lyngesen24-msp-2-50|50-ul-2_2.json,sequential,largest,none,all,False,bbm,slow,0.7096188750583678,100,66,100,66,245,245,50|50,50|50,16|50,16|50,,,,,,,,,,,0,2,0.148,4,0,2,0.147,4,0.294,190,0.0,192,False
284,97,./instances/msp/2obj/Lyngesen24-msp-2-50|50-ul-2_2.json,sequential,largest,100,all,False,bbm,slow,1.1619337080046535,100,66,100,66,245,245,50|50,50|50,16|50,16|50,,,,,,,,,,,0,2,0.281,6,0,2,0.277,6,0.346,190,0.84,192,False
284,97,./instances/msp/2obj/Lyngesen24-msp-2-50|50-ul-2_2.json,sequential,largest,50,all,False,bbm,slow,5.773883334011771,100,66,100,66,245,245,50|50,50|50,16|50,16|50,,,,,,,,,,,0,2,0.465,8,0,2,0.457,8,0.872,190,9.399,192,False
211,71,./instances/msp/2obj/Lyngesen24-msp-2-50|50-ul-2_2.json,sequential,largest,first,all,False,phase1,slow,1.0431615409906954,100,66,100,66,245,245,50|50,50|50,16|50,16|50,,,,,,,,,,,0,2,0.29,6,0,2,0.287,6,0.23,138,0.818,140,False
211,71,./instances/msp/2obj/Lyngesen24-msp-2-50|50-ul-2_2.json,sequential,largest,none,all,False,phase1,slow,0.6138524160487577,100,66,100,66,245,245,50|50,50|50,16|50,16|50,,,,,,,,,,,0,2,0.15,4,0,2,0.149,4,0.199,138,0.0,140,False
211,71,./instances/msp/2obj/Lyngesen24-msp-2-50|50-ul-2_2.json,sequential,largest,100,all,False,phase1,slow,1.0386999590555206,100,66,100,66,245,245,50|50,50|50,16|50,16|50,,,,,,,,,,,0,2,0.29,6,0,2,0.286,6,0.228,138,0.826,140,False
211,71,./instances/msp/2obj/Lyngesen24-msp-2-50|50-ul-2_2.json,sequential,largest,50,all,False,phase1,slow,6.411314790952019,100,66,100,66,245,245,50|50,50|50,16|50,16|50,,,,,,,,,,,0,2,0.467,8,0,2,0.459,8,0.371,138,11.368,140,False
333,148,./instances/msp/2obj/Lyngesen24-msp-2-50|50|50-mmm-3_5.json,sequential,largest,first,all,False,bbm,slow,2.1877176670823246,150,77,150,77,664,664,50|50|50,50|50|50,30|30|17,30|30|17,,,,,,,,,,,0,2,0.625,6,0,2,0.621,6,0.457,290,1.078,292,False
333,148,./instances/msp/2obj/Lyngesen24-msp-2-50|50|50-mmm-3_5.json,sequential,largest,none,all,False,bbm,slow,1.574031374999322,150,77,150,77,664,664,50|50|50,50|50|50,30|30|17,30|30|17,,,,,,,,,,,0,2,0.303,4,0,2,0.301,4,0.415,290,0.0,292,False
319,141,./instances/msp/2obj/Lyngesen24-msp-2-50|50|50-mmm-3_5.json,sequential,largest,100,all,False,bbm,slow,80.17322537500877,150,77,148,77,664,664,50|50|50,50|50|48,30|30|17,30|30|17,,,,,,,,,,,0,2,0.938,8,0,2,0.924,8,2.821,276,153.932,278,False
319,141,./instances/msp/2obj/Lyngesen24-msp-2-50|50|50-mmm-3_5.json,sequential,largest,50,all,False,bbm,slow,83.64769987494219,150,77,148,77,664,664,50|50|50,50|50|48,30|30|17,30|30|17,,,,,,,,,,,0,2,1.252,10,0,2,1.169,10,2.884,276,160.903,278,False
290,98,./instances/msp/2obj/Lyngesen24-msp-2-50|50|50-mmm-3_5.json,sequential,largest,first,all,False,phase1,slow,1.9422182090347633,150,77,150,77,664,664,50|50|50,50|50|50,30|30|17,30|30|17,,,,,,,,,,,0,2,0.566,6,0,2,0.562,6,0.29,190,1.07,192,False
290,98,./instances/msp/2obj/Lyngesen24-msp-2-50|50|50-mmm-3_5.json,sequential,largest,none,all,False,phase1,slow,1.3882880839519203,150,77,150,77,664,664,50|50|50,50|50|50,30|30|17,30|30|17,,,,,,,,,,,0,2,0.29,4,0,2,0.288,4,0.265,190,0.0,192,False
290,98,./instances/msp/2obj/Lyngesen24-msp-2-50|50|50-mmm-3_5.json,sequential,largest,100,all,False,phase1,slow,2.2474104579305276,150,77,150,77,664,664,50|50|50,50|50|50,30|30|17,30|30|17,,,,,,,,,,,0,2,0.584,6,0,2,0.58,6,0.29,190,1.094,192,False
270,82,./instances/msp/2obj/Lyngesen24-msp-2-50|50|50-mmm-3_5.json,sequential,largest,50,all,False,phase1,slow,56.454766709008254,150,77,146,77,664,664,50|50|50,50|50|46,30|30|17,30|30|17,,,,,,,,,,,0,2,0.959,8,0,2,0.946,8,0.984,158,109.123,160,False
198,98,./instances/msp/2obj/Lyngesen24-msp-2-50|50-uu-2_4.json,sequential,largest,first,all,False,bbm,slow,0.7896014160942286,100,100,100,100,203,203,50|50,50|50,50|50,50|50,,,,,,,,,,,0,2,0.287,6,0,2,0.286,6,0.264,192,0.137,194,False
198,98,./instances/msp/2obj/Lyngesen24-msp-2-50|50-uu-2_4.json,sequential,largest,none,all,False,bbm,slow,0.7041422500042245,100,100,100,100,203,203,50|50,50|50,50|50,50|50,,,,,,,,,,,0,2,0.152,4,0,2,0.152,4,0.257,192,0.0,194,False
198,98,./instances/msp/2obj/Lyngesen24-msp-2-50|50-uu-2_4.json,sequential,largest,100,all,False,bbm,slow,0.7757775409845635,100,100,100,100,203,203,50|50,50|50,50|50,50|50,,,,,,,,,,,0,2,0.273,6,0,2,0.273,6,0.262,192,0.138,194,False
198,98,./instances/msp/2obj/Lyngesen24-msp-2-50|50-uu-2_4.json,sequential,largest,50,all,False,bbm,slow,2.315416584024206,100,100,100,100,203,203,50|50,50|50,50|50,50|50,,,,,,,,,,,0,2,0.419,8,0,2,0.416,8,0.561,192,2.804,194,False
152,52,./instances/msp/2obj/Lyngesen24-msp-2-50|50-uu-2_4.json,sequential,largest,first,all,False,phase1,slow,0.6197564579779282,100,100,100,100,203,203,50|50,50|50,50|50,50|50,,,,,,,,,,,0,2,0.271,6,0,2,0.27,6,0.108,100,0.137,102,False
152,52,./instances/msp/2obj/Lyngesen24-msp-2-50|50-uu-2_4.json,sequential,largest,none,all,False,phase1,slow,0.5467842919752002,100,100,100,100,203,203,50|50,50|50,50|50,50|50,,,,,,,,,,,0,2,0.138,4,0,2,0.138,4,0.104,100,0.0,102,False
152,52,./instances/msp/2obj/Lyngesen24-msp-2-50|50-uu-2_4.json,sequential,largest,100,all,False,phase1,slow,0.625898249913007,100,100,100,100,203,203,50|50,50|50,50|50,50|50,,,,,,,,,,,0,2,0.282,6,0,2,0.281,6,0.108,100,0.147,102,False
152,52,./instances/msp/2obj/Lyngesen24-msp-2-50|50-uu-2_4.json,sequential,largest,50,all,False,phase1,slow,5.101946750073694,100,100,100,100,203,203,50|50,50|50,50|50,50|50,,,,,,,,,,,0,2,0.407,8,0,2,0.403,8,0.107,100,9.102,102,False
641,295,./instances/msp/2obj/Lyngesen24-msp-2-100|100|100-mmm-3_4.json,sequential,largest,first,all,False,bbm,slow,5.834968833019957,300,144,300,144,1930,1930,100|100|100,100|100|100,47|53|44,47|53|44,,,,,,,,,,,0,2,0.606,6,0,2,0.597,6,1.803,584,2.966,586,False
641,295,./instances/msp/2obj/Lyngesen24-msp-2-100|100|100-mmm-3_4.json,sequential,largest,none,all,False,bbm,slow,4.2290430419379845,300,144,300,144,1930,1930,100|100|100,100|100|100,47|53|44,47|53|44,,,,,,,,,,,0,2,0.274,4,0,2,0.27,4,1.635,584,0.0,586,False
631,290,./instances/msp/2obj/Lyngesen24-msp-2-100|100|100-mmm-3_4.json,sequential,largest,100,all,False,bbm,slow,474.9138538329862,300,144,300,144,1930,1930,100|100|100,100|100|100,47|53|44,47|53|44,,,,,,,,,,,0,2,1.353,10,0,2,1.305,10,13.915,574,925.05,576,False
621,285,./instances/msp/2obj/Lyngesen24-msp-2-100|100|100-mmm-3_4.json,sequential,largest,50,all,False,bbm,slow,1929.2107586669736,300,144,299,144,1930,1930,100|100|100,99|100|100,47|53|44,47|53|44,,,,,,,,,,,0,2,3.622,16,0,2,3.515,16,15.684,564,3830.963,566,False
555,187,./instances/msp/2obj/Lyngesen24-msp-2-100|100|100-mmm-3_4.json,sequential,largest,first,all,False,phase1,slow,5.647626249934547,300,144,300,144,1930,1930,100|100|100,100|100|100,47|53|44,47|53|44,,,,,,,,,,,0,2,0.936,6,0,2,0.926,6,1.058,368,3.192,370,False
555,187,./instances/msp/2obj/Lyngesen24-msp-2-100|100|100-mmm-3_4.json,sequential,largest,none,all,False,phase1,slow,3.802905916934833,300,144,300,144,1930,1930,100|100|100,100|100|100,47|53|44,47|53|44,,,,,,,,,,,0,2,0.403,4,0,2,0.398,4,0.99,368,0.0,370,False
537,173,./instances/msp/2obj/Lyngesen24-msp-2-100|100|100-mmm-3_4.json,sequential,largest,100,all,False,phase1,slow,303.24948687502183,300,144,293,144,1930,1930,100|100|100,100|100|93,47|53|44,47|53|44,,,,,,,,,,,0,2,1.353,8,0,2,1.323,8,5.208,340,593.301,342,False
530,166,./instances/msp/2obj/Lyngesen24-msp-2-100|100|100-mmm-3_4.json,sequential,largest,50,all,False,phase1,slow,1214.0186773340683,300,144,290,144,1930,1930,100|100|100,100|100|90,47|53|44,47|53|44,,,,,,,,,,,0,2,2.009,12,0,2,1.934,12,6.873,326,2412.29,328,False
420,198,./instances/msp/2obj/Lyngesen24-msp-2-100|100-mm-2_1.json,sequential,largest,first,all,False,bbm,slow,1.9993993749376386,200,126,200,126,700,700,100|100,100|100,64|62,64|62,,,,,,,,,,,0,2,0.44,6,0,2,0.439,6,1.095,392,0.287,394,False
420,198,./instances/msp/2obj/Lyngesen24-msp-2-100|100-mm-2_1.json,sequential,largest,none,all,False,bbm,slow,1.8290752079337835,200,126,200,126,700,700,100|100,100|100,64|62,64|62,,,,,,,,,,,0,2,0.213,4,0,2,0.212,4,1.12,392,0.0,394,False
416,196,./instances/msp/2obj/Lyngesen24-msp-2-100|100-mm-2_1.json,sequential,largest,100,all,False,bbm,slow,11.877168457955122,200,126,200,126,700,700,100|100,100|100,64|62,64|62,,,,,,,,,,,0,2,0.658,8,0,2,0.651,8,2.816,388,17.75,390,False
398,187,./instances/msp/2obj/Lyngesen24-msp-2-100|100-mm-2_1.json,sequential,largest,50,all,False,bbm,slow,49.27257691696286,200,126,199,126,700,700,100|100,100|99,64|62,64|62,,,,,,,,,,,0,2,1.118,12,0,2,1.095,12,2.897,370,92.203,372,False
367,123,./instances/msp/2obj/Lyngesen24-msp-2-100|100-mm-2_1.json,sequential,largest,first,all,False,phase1,slow,1.462053916999139,200,126,200,126,700,700,100|100,100|100,64|62,64|62,,,,,,,,,,,0,2,0.37,6,0,2,0.368,6,0.701,242,0.27,244,False
367,123,./instances/msp/2obj/Lyngesen24-msp-2-100|100-mm-2_1.json,sequential,largest,none,all,False,phase1,slow,1.2901139589957893,200,126,200,126,700,700,100|100,100|100,64|62,64|62,,,,,,,,,,,0,2,0.179,4,0,2,0.178,4,0.665,242,0.0,244,False
359,115,./instances/msp/2obj/Lyngesen24-msp-2-100|100-mm-2_1.json,sequential,largest,100,all,False,phase1,slow,32.326274542021565,200,126,199,126,700,700,100|100,100|99,64|62,64|62,,,,,,,,,,,0,2,0.613,8,0,2,0.601,8,0.94,226,61.577,228,False
359,115,./instances/msp/2obj/Lyngesen24-msp-2-100|100-mm-2_1.json,sequential,largest,50,all,False,phase1,slow,39.42723620904144,200,126,199,126,700,700,100|100,100|99,64|62,64|62,,,,,,,,,,,0,2,0.768,10,0,2,0.75,10,1.47,226,75.112,228,False
228,99,./instances/msp/2obj/Lyngesen24-msp-2-50|50-mm-2_2.json,sequential,largest,first,all,False,bbm,slow,1.2459169160574675,100,75,100,75,281,281,50|50,50|50,39|36,39|36,,,,,,,,,,,0,2,0.834,6,0,2,0.828,6,0.299,194,0.81,196,False
228,99,./instances/msp/2obj/Lyngesen24-msp-2-50|50-mm-2_2.json,sequential,largest,none,all,False,bbm,slow,0.7917019999586046,100,75,100,75,281,281,50|50,50|50,39|36,39|36,,,,,,,,,,,0,2,0.174,4,0,2,0.173,4,0.282,194,0.0,196,False
228,99,./instances/msp/2obj/Lyngesen24-msp-2-50|50-mm-2_2.json,sequential,largest,100,all,False,bbm,slow,0.9511271669762209,100,75,100,75,281,281,50|50,50|50,39|36,39|36,,,,,,,,,,,0,2,0.349,6,0,2,0.347,6,0.299,194,0.316,196,False
226,98,./instances/msp/2obj/Lyngesen24-msp-2-50|50-mm-2_2.json,sequential,largest,50,all,False,bbm,slow,4.240866416017525,100,75,100,75,281,281,50|50,50|50,39|36,39|36,,,,,,,,,,,0,2,0.524,8,0,2,0.518,8,0.692,192,5.844,194,False
190,64,./instances/msp/2obj/Lyngesen24-msp-2-50|50-mm-2_2.json,sequential,largest,first,all,False,phase1,slow,0.8050954170757905,100,75,100,75,281,281,50|50,50|50,39|36,39|36,,,,,,,,,,,0,2,0.326,6,0,2,0.324,6,0.18,124,0.304,126,False
190,64,./instances/msp/2obj/Lyngesen24-msp-2-50|50-mm-2_2.json,sequential,largest,none,all,False,phase1,slow,0.6417010829318315,100,75,100,75,281,281,50|50,50|50,39|36,39|36,,,,,,,,,,,0,2,0.165,4,0,2,0.163,4,0.168,124,0.0,126,False
190,64,./instances/msp/2obj/Lyngesen24-msp-2-50|50-mm-2_2.json,sequential,largest,100,all,False,phase1,slow,0.8365862079663202,100,75,100,75,281,281,50|50,50|50,39|36,39|36,,,,,,,,,,,0,2,0.345,6,0,2,0.342,6,0.181,124,0.317,126,False
187,61,./instances/msp/2obj/Lyngesen24-msp-2-50|50-mm-2_2.json,sequential,largest,50,all,False,phase1,slow,7.3282196670770645,100,75,100,75,281,281,50|50,50|50,39|36,39|36,,,,,,,,,,,0,2,0.573,8,0,2,0.566,8,0.24,118,13.147,120,False
222,99,./instances/msp/2obj/Lyngesen24-msp-2-50|50-mm-2_3.json,sequential,largest,first,all,False,bbm,slow,0.9546332909958437,100,71,100,71,300,300,50|50,50|50,32|39,32|39,,,,,,,,,,,0,2,0.359,6,0,2,0.357,6,0.298,194,0.261,196,False
222,99,./instances/msp/2obj/Lyngesen24-msp-2-50|50-mm-2_3.json,sequential,largest,none,all,False,bbm,slow,0.773918459075503,100,71,100,71,300,300,50|50,50|50,32|39,32|39,,,,,,,,,,,0,2,0.17,4,0,2,0.169,4,0.281,194,0.0,196,False
222,99,./instances/msp/2obj/Lyngesen24-msp-2-50|50-mm-2_3.json,sequential,largest,100,all,False,bbm,slow,0.9148905839538202,100,71,100,71,300,300,50|50,50|50,32|39,32|39,,,,,,,,,,,0,2,0.334,6,0,2,0.332,6,0.293,194,0.26,196,False
222,99,./instances/msp/2obj/Lyngesen24-msp-2-50|50-mm-2_3.json,sequential,largest,50,all,False,bbm,slow,3.7482125000096858,100,71,100,71,300,300,50|50,50|50,32|39,32|39,,,,,,,,,,,0,2,0.522,8,0,2,0.517,8,0.755,194,5.369,196,False
191,65,./instances/msp/2obj/Lyngesen24-msp-2-50|50-mm-2_3.json,sequential,largest,first,all,False,phase1,slow,0.797118959017098,100,71,100,71,300,300,50|50,50|50,32|39,32|39,,,,,,,,,,,0,2,0.33,6,0,2,0.328,6,0.182,126,0.256,128,False
191,65,./instances/msp/2obj/Lyngesen24-msp-2-50|50-mm-2_3.json,sequential,largest,none,all,False,phase1,slow,0.686056875041686,100,71,100,71,300,300,50|50,50|50,32|39,32|39,,,,,,,,,,,0,2,0.181,4,0,2,0.18,4,0.171,126,0.0,128,False
191,65,./instances/msp/2obj/Lyngesen24-msp-2-50|50-mm-2_3.json,sequential,largest,100,all,False,phase1,slow,0.7969428750220686,100,71,100,71,300,300,50|50,50|50,32|39,32|39,,,,,,,,,,,0,2,0.333,6,0,2,0.331,6,0.188,126,0.26,128,False
189,63,./instances/msp/2obj/Lyngesen24-msp-2-50|50-mm-2_3.json,sequential,largest,50,all,False,phase1,slow,7.571329124970362,100,71,100,71,300,300,50|50,50|50,32|39,32|39,,,,,,,,,,,0,2,0.522,8,0,2,0.515,8,0.38,122,13.566,124,False
589,293,./instances/msp/2obj/Lyngesen24-msp-2-100|100|100-uuu-3_1.json,sequential,largest,first,all,False,bbm,slow,3.9766437499783933,300,247,300,247,738,738,100|100|100,100|100|100,100|61|86,100|61|86,,,,,,,,,,,0,2,0.702,6,0,2,0.701,6,1.55,580,0.334,582,False
589,293,./instances/msp/2obj/Lyngesen24-msp-2-100|100|100-uuu-3_1.json,sequential,largest,none,all,False,bbm,slow,3.7074856659164652,300,247,300,247,738,738,100|100|100,100|100|100,100|61|86,100|61|86,,,,,,,,,,,0,2,0.316,4,0,2,0.316,4,1.514,580,0.0,582,False
589,293,./instances/msp/2obj/Lyngesen24-msp-2-100|100|100-uuu-3_1.json,sequential,largest,100,all,False,bbm,slow,120.6881194160087,300,247,300,247,738,738,100|100|100,100|100|100,100|61|86,100|61|86,,,,,,,,,,,0,2,1.471,10,0,2,1.453,10,6.588,580,227.595,582,False
589,293,./instances/msp/2obj/Lyngesen24-msp-2-100|100|100-uuu-3_1.json,sequential,largest,50,all,False,bbm,slow,413.7186455419287,300,247,300,247,738,738,100|100|100,100|100|100,100|61|86,100|61|86,,,,,,,,,,,0,2,2.589,16,0,2,2.547,16,7.541,580,812.392,582,False
456,154,./instances/msp/2obj/Lyngesen24-msp-2-100|100|100-uuu-3_1.json,sequential,largest,first,all,False,phase1,slow,3.0481375419767573,300,247,300,247,738,738,100|100|100,100|100|100,100|61|86,100|61|86,,,,,,,,,,,0,2,0.461,6,0,2,0.46,6,0.645,302,0.242,304,False
456,154,./instances/msp/2obj/Lyngesen24-msp-2-100|100|100-uuu-3_1.json,sequential,largest,none,all,False,phase1,slow,2.65871829201933,300,247,300,247,738,738,100|100|100,100|100|100,100|61|86,100|61|86,,,,,,,,,,,0,2,0.234,4,0,2,0.233,4,0.567,302,0.0,304,False
456,154,./instances/msp/2obj/Lyngesen24-msp-2-100|100|100-uuu-3_1.json,sequential,largest,100,all,False,phase1,slow,59.860610333038494,300,247,300,247,738,738,100|100|100,100|100|100,100|61|86,100|61|86,,,,,,,,,,,0,2,0.834,8,0,2,0.824,8,3.211,302,110.902,304,False
456,154,./instances/msp/2obj/Lyngesen24-msp-2-100|100|100-uuu-3_1.json,sequential,largest,50,all,False,phase1,slow,295.20577979204245,300,247,300,247,738,738,100|100|100,100|100|100,100|61|86,100|61|86,,,,,,,,,,,0,2,1.635,12,0,2,1.607,12,3.321,302,581.349,304,False
735,208,./instances/msp/2obj/Lyngesen24-msp-2-100|100|100-ull-3_1.json,sequential,largest,first,all,False,bbm,slow,31.245843624928966,300,203,228,203,1428,1428,100|100|100,28|100|100,3|100|100,3|100|100,,,,,,,,,,,0,2,0.588,6,0,2,0.557,6,1.724,410,55.975,412,False
901,291,./instances/msp/2obj/Lyngesen24-msp-2-100|100|100-ull-3_1.json,sequential,largest,none,all,False,bbm,slow,3.4699065829627216,300,203,300,203,1428,1428,100|100|100,100|100|100,3|100|100,3|100|100,,,,,,,,,,,0,2,0.286,4,0,2,0.272,4,1.864,576,0.0,578,False
735,208,./instances/msp/2obj/Lyngesen24-msp-2-100|100|100-ull-3_1.json,sequential,largest,100,all,False,bbm,slow,833.6269315410173,300,203,228,203,1428,1428,100|100|100,28|100|100,3|100|100,3|100|100,,,,,,,,,,,0,2,1.221,10,0,2,1.152,10,5.545,410,1655.717,412,False
735,208,./instances/msp/2obj/Lyngesen24-msp-2-100|100|100-ull-3_1.json,sequential,largest,50,all,False,bbm,slow,1139.1778848749818,300,203,228,203,1428,1428,100|100|100,28|100|100,3|100|100,3|100|100,,,,,,,,,,,0,2,2.443,14,0,2,2.267,14,6.536,410,2265.261,412,False
542,178,./instances/msp/2obj/Lyngesen24-msp-2-100|100|100-ull-3_1.json,sequential,largest,first,all,False,phase1,slow,31.30036516697146,300,203,226,203,1428,1428,100|100|100,26|100|100,3|100|100,3|100|100,,,,,,,,,,,0,2,0.798,6,0,2,0.767,6,1.407,350,56.217,352,False
657,217,./instances/msp/2obj/Lyngesen24-msp-2-100|100|100-ull-3_1.json,sequential,largest,none,all,False,phase1,slow,3.106639040983282,300,203,300,203,1428,1428,100|100|100,100|100|100,3|100|100,3|100|100,,,,,,,,,,,0,2,0.456,4,0,2,0.377,4,1.25,428,0.0,430,False
542,178,./instances/msp/2obj/Lyngesen24-msp-2-100|100|100-ull-3_1.json,sequential,largest,100,all,False,phase1,slow,183.6777396670077,300,203,226,203,1428,1428,100|100|100,26|100|100,3|100|100,3|100|100,,,,,,,,,,,0,2,1.167,8,0,2,1.118,8,5.434,350,356.074,352,False
542,178,./instances/msp/2obj/Lyngesen24-msp-2-100|100|100-ull-3_1.json,sequential,largest,50,all,False,phase1,slow,895.9414311250439,300,203,226,203,1428,1428,100|100|100,26|100|100,3|100|100,3|100|100,,,,,,,,,,,0,2,1.995,12,0,2,1.908,12,5.092,350,1780.841,352,False
639,296,./instances/msp/2obj/Lyngesen24-msp-2-100|100|100-mmm-3_5.json,sequential,largest,first,all,False,bbm,slow,5.710464166942984,300,147,300,147,1926,1926,100|100|100,100|100|100,54|44|49,54|44|49,,,,,,,,,,,0,2,0.726,6,0,2,0.719,6,1.725,586,2.038,588,False
639,296,./instances/msp/2obj/Lyngesen24-msp-2-100|100|100-mmm-3_5.json,sequential,largest,none,all,False,bbm,slow,4.545176833984442,300,147,300,147,1926,1926,100|100|100,100|100|100,54|44|49,54|44|49,,,,,,,,,,,0,2,0.316,4,0,2,0.313,4,1.697,586,0.0,588,False
613,283,./instances/msp/2obj/Lyngesen24-msp-2-100|100|100-mmm-3_5.json,sequential,largest,100,all,False,bbm,slow,427.6124522080645,300,147,298,147,1926,1926,100|100|100,100|100|98,54|44|49,54|44|49,,,,,,,,,,,0,2,1.565,10,0,2,1.524,10,12.93,560,830.529,562,False
599,276,./instances/msp/2obj/Lyngesen24-msp-2-100|100|100-mmm-3_5.json,sequential,largest,50,all,False,bbm,slow,1365.962874207995,300,147,297,147,1926,1926,100|100|100,100|99|98,54|44|49,54|44|49,,,,,,,,,,,0,2,2.937,14,0,2,2.792,14,10.011,546,2711.066,548,False
562,188,./instances/msp/2obj/Lyngesen24-msp-2-100|100|100-mmm-3_5.json,sequential,largest,first,all,False,phase1,slow,5.274272582959384,300,147,300,147,1926,1926,100|100|100,100|100|100,54|44|49,54|44|49,,,,,,,,,,,0,2,0.943,6,0,2,0.935,6,1.111,370,2.201,372,False
562,188,./instances/msp/2obj/Lyngesen24-msp-2-100|100|100-mmm-3_5.json,sequential,largest,none,all,False,phase1,slow,4.133470333996229,300,147,300,147,1926,1926,100|100|100,100|100|100,54|44|49,54|44|49,,,,,,,,,,,0,2,0.428,4,0,2,0.424,4,0.944,370,0.0,372,False
536,168,./instances/msp/2obj/Lyngesen24-msp-2-100|100|100-mmm-3_5.json,sequential,largest,100,all,False,phase1,slow,361.5539008330088,300,147,288,147,1926,1926,100|100|100,100|98|90,54|44|49,54|44|49,,,,,,,,,,,0,2,1.413,8,0,2,1.385,8,6.69,330,707.339,332,False
535,167,./instances/msp/2obj/Lyngesen24-msp-2-100|100|100-mmm-3_5.json,sequential,largest,50,all,False,phase1,slow,1509.8082378749968,300,147,288,147,1926,1926,100|100|100,100|98|90,54|44|49,54|44|49,,,,,,,,,,,0,2,2.449,12,0,2,2.379,12,6.481,328,3004.007,330,False
196,97,./instances/msp/2obj/Lyngesen24-msp-2-50|50-uu-2_5.json,sequential,largest,first,all,False,bbm,slow,1.057622625026852,100,100,100,100,207,207,50|50,50|50,50|50,50|50,,,,,,,,,,,0,2,0.458,6,0,2,0.458,6,0.261,190,0.221,192,False
196,97,./instances/msp/2obj/Lyngesen24-msp-2-50|50-uu-2_5.json,sequential,largest,none,all,False,bbm,slow,0.9154326251009479,100,100,100,100,207,207,50|50,50|50,50|50,50|50,,,,,,,,,,,0,2,0.249,4,0,2,0.249,4,0.254,190,0.0,192,False
196,97,./instances/msp/2obj/Lyngesen24-msp-2-50|50-uu-2_5.json,sequential,largest,100,all,False,bbm,slow,1.0250240419991314,100,100,100,100,207,207,50|50,50|50,50|50,50|50,,,,,,,,,,,0,2,0.435,6,0,2,0.434,6,0.261,190,0.217,192,False
196,97,./instances/msp/2obj/Lyngesen24-msp-2-50|50-uu-2_5.json,sequential,largest,50,all,False,bbm,slow,2.698967874981463,100,100,100,100,207,207,50|50,50|50,50|50,50|50,,,,,,,,,,,0,2,0.687,8,0,2,0.684,8,0.507,190,3.268,192,False
152,52,./instances/msp/2obj/Lyngesen24-msp-2-50|50-uu-2_5.json,sequential,largest,first,all,False,phase1,slow,0.8939918749965727,100,100,100,100,207,207,50|50,50|50,50|50,50|50,,,,,,,,,,,0,2,0.44,6,0,2,0.44,6,0.107,100,0.22,102,False
152,52,./instances/msp/2obj/Lyngesen24-msp-2-50|50-uu-2_5.json,sequential,largest,none,all,False,phase1,slow,0.7691272080410272,100,100,100,100,207,207,50|50,50|50,50|50,50|50,,,,,,,,,,,0,2,0.24,4,0,2,0.239,4,0.104,100,0.0,102,False
152,52,./instances/msp/2obj/Lyngesen24-msp-2-50|50-uu-2_5.json,sequential,largest,100,all,False,phase1,slow,0.8677627920405939,100,100,100,100,207,207,50|50,50|50,50|50,50|50,,,,,,,,,,,0,2,0.437,6,0,2,0.437,6,0.107,100,0.223,102,False
152,52,./instances/msp/2obj/Lyngesen24-msp-2-50|50-uu-2_5.json,sequential,largest,50,all,False,phase1,slow,5.470015916973352,100,100,100,100,207,207,50|50,50|50,50|50,50|50,,,,,,,,,,,0,2,0.679,8,0,2,0.675,8,0.108,100,9.381,102,False
347,150,./instances/msp/2obj/Lyngesen24-msp-2-50|50|50-mmm-3_4.json,sequential,largest,first,all,False,bbm,slow,3.024194166995585,150,84,150,84,648,648,50|50|50,50|50|50,35|16|33,35|16|33,,,,,,,,,,,0,2,0.896,6,0,2,0.89,6,0.48,294,1.9,296,False
347,150,./instances/msp/2obj/Lyngesen24-msp-2-50|50|50-mmm-3_4.json,sequential,largest,none,all,False,bbm,slow,1.9487381250364706,150,84,150,84,648,648,50|50|50,50|50|50,35|16|33,35|16|33,,,,,,,,,,,0,2,0.411,4,0,2,0.408,4,0.429,294,0.0,296,False
345,149,./instances/msp/2obj/Lyngesen24-msp-2-50|50|50-mmm-3_4.json,sequential,largest,100,all,False,bbm,slow,69.77264879108407,150,84,150,84,648,648,50|50|50,50|50|50,35|16|33,35|16|33,,,,,,,,,,,0,2,1.337,8,0,2,1.322,8,3.431,292,131.242,294,False
341,147,./instances/msp/2obj/Lyngesen24-msp-2-50|50|50-mmm-3_4.json,sequential,largest,50,all,False,bbm,slow,74.77448345895391,150,84,149,84,648,648,50|50|50,50|49|50,35|16|33,35|16|33,,,,,,,,,,,0,2,1.534,10,0,2,1.513,10,3.456,288,142.095,290,False
291,99,./instances/msp/2obj/Lyngesen24-msp-2-50|50|50-mmm-3_4.json,sequential,largest,first,all,False,phase1,slow,2.8121780829969794,150,84,150,84,648,648,50|50|50,50|50|50,35|16|33,35|16|33,,,,,,,,,,,0,2,1.19,6,0,2,1.177,6,0.299,192,2.395,194,False
291,99,./instances/msp/2obj/Lyngesen24-msp-2-50|50|50-mmm-3_4.json,sequential,largest,none,all,False,phase1,slow,1.6134250829927623,150,84,150,84,648,648,50|50|50,50|50|50,35|16|33,35|16|33,,,,,,,,,,,0,2,0.357,4,0,2,0.354,4,0.266,192,0.0,194,False
291,99,./instances/msp/2obj/Lyngesen24-msp-2-50|50|50-mmm-3_4.json,sequential,largest,100,all,False,phase1,slow,2.782168834004551,150,84,150,84,648,648,50|50|50,50|50|50,35|16|33,35|16|33,,,,,,,,,,,0,2,0.701,6,0,2,0.694,6,0.318,192,1.932,194,False
277,85,./instances/msp/2obj/Lyngesen24-msp-2-50|50|50-mmm-3_4.json,sequential,largest,50,all,False,phase1,slow,271.98403820896056,150,84,149,84,648,648,50|50|50,50|49|50,35|16|33,35|16|33,,,,,,,,,,,0,2,1.464,10,0,2,1.439,10,2.006,164,538.619,166,False
286,100,./instances/msp/2obj/Lyngesen24-msp-2-50|50-ul-2_3.json,sequential,largest,first,all,False,bbm,slow,1.065654749982059,100,60,100,60,151,151,50|50,50|50,10|50,10|50,,,,,,,,,,,0,2,0.246,6,0,2,0.243,6,0.359,196,0.751,198,False
286,100,./instances/msp/2obj/Lyngesen24-msp-2-50|50-ul-2_3.json,sequential,largest,none,all,False,bbm,slow,0.6368837499758229,100,60,100,60,151,151,50|50,50|50,10|50,10|50,,,,,,,,,,,0,2,0.132,4,0,2,0.13,4,0.316,196,0.0,198,False
286,100,./instances/msp/2obj/Lyngesen24-msp-2-50|50-ul-2_3.json,sequential,largest,100,all,False,bbm,slow,1.0517698749899864,100,60,100,60,151,151,50|50,50|50,10|50,10|50,,,,,,,,,,,0,2,0.215,6,0,2,0.211,6,0.38,196,0.764,198,False
286,100,./instances/msp/2obj/Lyngesen24-msp-2-50|50-ul-2_3.json,sequential,largest,50,all,False,bbm,slow,4.069637458072975,100,60,100,60,151,151,50|50,50|50,10|50,10|50,,,,,,,,,,,0,2,0.885,8,0,2,0.874,8,0.85,196,5.673,198,False
209,71,./instances/msp/2obj/Lyngesen24-msp-2-50|50-ul-2_3.json,sequential,largest,first,all,False,phase1,slow,0.9163428749889135,100,60,100,60,151,151,50|50,50|50,10|50,10|50,,,,,,,,,,,0,2,0.229,6,0,2,0.225,6,0.238,138,0.747,140,False
209,71,./instances/msp/2obj/Lyngesen24-msp-2-50|50-ul-2_3.json,sequential,largest,none,all,False,phase1,slow,0.5274674999527633,100,60,100,60,151,151,50|50,50|50,10|50,10|50,,,,,,,,,,,0,2,0.114,4,0,2,0.112,4,0.207,138,0.0,140,False
209,71,./instances/msp/2obj/Lyngesen24-msp-2-50|50-ul-2_3.json,sequential,largest,100,all,False,phase1,slow,0.9315978339873254,100,60,100,60,151,151,50|50,50|50,10|50,10|50,,,,,,,,,,,0,2,0.235,6,0,2,0.232,6,0.229,138,0.76,140,False
209,71,./instances/msp/2obj/Lyngesen24-msp-2-50|50-ul-2_3.json,sequential,largest,50,all,False,phase1,slow,4.579088874976151,100,60,100,60,151,151,50|50,50|50,10|50,10|50,,,,,,,,,,,0,2,0.873,8,0,2,0.859,8,0.422,138,7.844,140,False
635,297,./instances/msp/2obj/Lyngesen24-msp-2-100|100|100-mmm-3_2.json,sequential,largest,first,all,False,bbm,slow,5.4529191250912845,300,131,300,131,2344,2344,100|100|100,100|100|100,52|38|41,52|38|41,,,,,,,,,,,0,2,0.51,6,0,2,0.501,6,1.793,588,2.097,590,False
635,297,./instances/msp/2obj/Lyngesen24-msp-2-100|100|100-mmm-3_2.json,sequential,largest,none,all,False,bbm,slow,4.254052375094034,300,131,300,131,2344,2344,100|100|100,100|100|100,52|38|41,52|38|41,,,,,,,,,,,0,2,0.227,4,0,2,0.224,4,1.678,588,0.0,590,False
623,291,./instances/msp/2obj/Lyngesen24-msp-2-100|100|100-mmm-3_2.json,sequential,largest,100,all,False,bbm,slow,2361.6490459160414,300,131,300,131,2344,2344,100|100|100,100|100|100,52|38|41,52|38|41,,,,,,,,,,,0,2,1.917,12,0,2,1.742,12,13.984,576,4698.324,578,False
549,185,./instances/msp/2obj/Lyngesen24-msp-2-100|100|100-mmm-3_2.json,sequential,largest,first,all,False,phase1,slow,5.7698543749284,300,131,300,131,2344,2344,100|100|100,100|100|100,52|38|41,52|38|41,,,,,,,,,,,0,2,1.646,6,0,2,1.631,6,0.974,364,2.969,366,False
549,185,./instances/msp/2obj/Lyngesen24-msp-2-100|100|100-mmm-3_2.json,sequential,largest,none,all,False,phase1,slow,4.284490791964345,300,131,300,131,2344,2344,100|100|100,100|100|100,52|38|41,52|38|41,,,,,,,,,,,0,2,0.52,4,0,2,0.516,4,0.911,364,0.0,366,False
531,171,./instances/msp/2obj/Lyngesen24-msp-2-100|100|100-mmm-3_2.json,sequential,largest,100,all,False,phase1,slow,369.7506660000654,300,131,292,131,2344,2344,100|100|100,100|100|92,52|38|41,52|38|41,,,,,,,,,,,0,2,1.71,8,0,2,1.614,8,5.309,336,725.353,338,False
532,172,./instances/msp/2obj/Lyngesen24-msp-2-100|100|100-mmm-3_2.json,sequential,largest,50,all,False,phase1,slow,1515.8375041669933,300,131,290,131,2344,2344,100|100|100,100|99|91,52|38|41,52|38|41,,,,,,,,,,,0,2,2.288,10,0,2,2.231,10,4.539,338,3018.829,340,False
218,98,./instances/msp/2obj/Lyngesen24-msp-2-50|50-mm-2_4.json,sequential,largest,first,all,False,bbm,slow,1.1834100410342216,100,63,100,63,237,237,50|50,50|50,38|25,38|25,,,,,,,,,,,0,2,0.525,6,0,2,0.524,6,0.286,192,0.311,194,False
218,98,./instances/msp/2obj/Lyngesen24-msp-2-50|50-mm-2_4.json,sequential,largest,none,all,False,bbm,slow,0.9911261249799281,100,63,100,63,237,237,50|50,50|50,38|25,38|25,,,,,,,,,,,0,2,0.254,4,0,2,0.254,4,0.278,192,0.0,194,False
218,98,./instances/msp/2obj/Lyngesen24-msp-2-50|50-mm-2_4.json,sequential,largest,100,all,False,bbm,slow,1.1390089170308784,100,63,100,63,237,237,50|50,50|50,38|25,38|25,,,,,,,,,,,0,2,0.501,6,0,2,0.499,6,0.287,192,0.306,194,False
218,98,./instances/msp/2obj/Lyngesen24-msp-2-50|50-mm-2_4.json,sequential,largest,50,all,False,bbm,slow,3.906641000066884,100,63,100,63,237,237,50|50,50|50,38|25,38|25,,,,,,,,,,,0,2,0.809,8,0,2,0.805,8,0.687,192,5.255,194,False
193,65,./instances/msp/2obj/Lyngesen24-msp-2-50|50-mm-2_4.json,sequential,largest,first,all,False,phase1,slow,1.0577279579592869,100,63,100,63,237,237,50|50,50|50,38|25,38|25,,,,,,,,,,,0,2,0.516,6,0,2,0.514,6,0.182,126,0.313,128,False
193,65,./instances/msp/2obj/Lyngesen24-msp-2-50|50-mm-2_4.json,sequential,largest,none,all,False,phase1,slow,0.8611414589686319,100,63,100,63,237,237,50|50,50|50,38|25,38|25,,,,,,,,,,,0,2,0.255,4,0,2,0.254,4,0.171,126,0.0,128,False
193,65,./instances/msp/2obj/Lyngesen24-msp-2-50|50-mm-2_4.json,sequential,largest,100,all,False,phase1,slow,1.0722712500719354,100,63,100,63,237,237,50|50,50|50,38|25,38|25,,,,,,,,,,,0,2,0.519,6,0,2,0.517,6,0.182,126,0.318,128,False
183,55,./instances/msp/2obj/Lyngesen24-msp-2-50|50-mm-2_4.json,sequential,largest,50,all,False,phase1,slow,6.443765125004575,100,63,100,63,237,237,50|50,50|50,38|25,38|25,,,,,,,,,,,0,2,0.782,8,0,2,0.776,8,0.166,106,11.146,108,False
274,95,./instances/msp/2obj/Lyngesen24-msp-2-50|50-ul-2_4.json,sequential,largest,first,all,False,bbm,slow,1.467448375071399,100,63,100,63,239,239,50|50,50|50,13|50,13|50,,,,,,,,,,,0,2,0.546,6,0,2,0.543,6,0.327,186,0.847,188,False
274,95,./instances/msp/2obj/Lyngesen24-msp-2-50|50-ul-2_4.json,sequential,largest,none,all,False,bbm,slow,0.9677271250402555,100,63,100,63,239,239,50|50,50|50,13|50,13|50,,,,,,,,,,,0,2,0.254,4,0,2,0.253,4,0.279,186,0.0,188,False
274,95,./instances/msp/2obj/Lyngesen24-msp-2-50|50-ul-2_4.json,sequential,largest,100,all,False,bbm,slow,1.4482287080027163,100,63,100,63,239,239,50|50,50|50,13|50,13|50,,,,,,,,,,,0,2,0.525,6,0,2,0.522,6,0.341,186,0.869,188,False
274,95,./instances/msp/2obj/Lyngesen24-msp-2-50|50-ul-2_4.json,sequential,largest,50,all,False,bbm,slow,5.791125625022687,100,63,100,63,239,239,50|50,50|50,13|50,13|50,,,,,,,,,,,0,2,0.789,8,0,2,0.782,8,0.758,186,9.021,188,False
202,68,./instances/msp/2obj/Lyngesen24-msp-2-50|50-ul-2_4.json,sequential,largest,first,all,False,phase1,slow,1.2333995830267668,100,63,100,63,239,239,50|50,50|50,13|50,13|50,,,,,,,,,,,0,2,0.459,6,0,2,0.456,6,0.209,132,0.821,134,False
202,68,./instances/msp/2obj/Lyngesen24-msp-2-50|50-ul-2_4.json,sequential,largest,none,all,False,phase1,slow,0.8044427919667214,100,63,100,63,239,239,50|50,50|50,13|50,13|50,,,,,,,,,,,0,2,0.231,4,0,2,0.229,4,0.184,132,0.0,134,False
202,68,./instances/msp/2obj/Lyngesen24-msp-2-50|50-ul-2_4.json,sequential,largest,100,all,False,phase1,slow,1.2399080829927698,100,63,100,63,239,239,50|50,50|50,13|50,13|50,,,,,,,,,,,0,2,0.469,6,0,2,0.466,6,0.21,132,0.817,134,False
202,68,./instances/msp/2obj/Lyngesen24-msp-2-50|50-ul-2_4.json,sequential,largest,50,all,False,phase1,slow,6.395808417000808,100,63,100,63,239,239,50|50,50|50,13|50,13|50,,,,,,,,,,,0,2,0.746,8,0,2,0.738,8,0.324,132,10.948,134,False
347,148,./instances/msp/2obj/Lyngesen24-msp-2-50|50|50-mmm-3_3.json,sequential,largest,first,all,False,bbm,slow,3.2506970409303904,150,94,150,94,684,684,50|50|50,50|50|50,27|30|37,27|30|37,,,,,,,,,,,0,2,1.015,6,0,2,1.009,6,0.481,290,2.036,292,False
347,148,./instances/msp/2obj/Lyngesen24-msp-2-50|50|50-mmm-3_3.json,sequential,largest,none,all,False,bbm,slow,2.1483667079592124,150,94,150,94,684,684,50|50|50,50|50|50,27|30|37,27|30|37,,,,,,,,,,,0,2,0.494,4,0,2,0.491,4,0.425,290,0.0,292,False
345,147,./instances/msp/2obj/Lyngesen24-msp-2-50|50|50-mmm-3_3.json,sequential,largest,100,all,False,bbm,slow,74.46814862499014,150,94,150,94,684,684,50|50|50,50|50|50,27|30|37,27|30|37,,,,,,,,,,,0,2,1.493,8,0,2,1.478,8,2.872,288,141.768,290,False
345,147,./instances/msp/2obj/Lyngesen24-msp-2-50|50|50-mmm-3_3.json,sequential,largest,50,all,False,bbm,slow,78.94632524996996,150,94,150,94,684,684,50|50|50,50|50|50,27|30|37,27|30|37,,,,,,,,,,,0,2,1.85,10,0,2,1.829,10,2.677,288,150.912,290,False
284,96,./instances/msp/2obj/Lyngesen24-msp-2-50|50|50-mmm-3_3.json,sequential,largest,first,all,False,phase1,slow,2.6770120000001043,150,94,150,94,684,684,50|50|50,50|50|50,27|30|37,27|30|37,,,,,,,,,,,0,2,0.769,6,0,2,0.764,6,0.292,186,1.874,188,False
284,96,./instances/msp/2obj/Lyngesen24-msp-2-50|50|50-mmm-3_3.json,sequential,largest,none,all,False,phase1,slow,1.6872460829326883,150,94,150,94,684,684,50|50|50,50|50|50,27|30|37,27|30|37,,,,,,,,,,,0,2,0.381,4,0,2,0.379,4,0.253,186,0.0,188,False
284,96,./instances/msp/2obj/Lyngesen24-msp-2-50|50|50-mmm-3_3.json,sequential,largest,100,all,False,phase1,slow,2.641805790946819,150,94,150,94,684,684,50|50|50,50|50|50,27|30|37,27|30|37,,,,,,,,,,,0,2,0.771,6,0,2,0.765,6,0.29,186,1.853,188,False
282,94,./instances/msp/2obj/Lyngesen24-msp-2-50|50|50-mmm-3_3.json,sequential,largest,50,all,False,phase1,slow,59.818266250076704,150,94,150,94,684,684,50|50|50,50|50|50,27|30|37,27|30|37,,,,,,,,,,,0,2,1.244,8,0,2,1.229,8,1.734,182,114.356,184,False
386,192,./instances/msp/2obj/Lyngesen24-msp-2-100|100-uu-2_1.json,sequential,largest,first,all,False,bbm,slow,1.96016429096926,200,200,200,200,366,366,100|100,100|100,100|100,100|100,,,,,,,,,,,0,2,0.412,6,0,2,0.411,6,1.024,380,0.193,382,False
386,192,./instances/msp/2obj/Lyngesen24-msp-2-100|100-uu-2_1.json,sequential,largest,none,all,False,bbm,slow,1.8413444579346105,200,200,200,200,366,366,100|100,100|100,100|100,100|100,,,,,,,,,,,0,2,0.194,4,0,2,0.194,4,1.008,380,0.0,382,False
386,192,./instances/msp/2obj/Lyngesen24-msp-2-100|100-uu-2_1.json,sequential,largest,100,all,False,bbm,slow,8.916449791984633,200,200,200,200,366,366,100|100,100|100,100|100,100|100,,,,,,,,,,,0,2,0.622,8,0,2,0.617,8,2.025,380,12.822,382,False
386,192,./instances/msp/2obj/Lyngesen24-msp-2-100|100-uu-2_1.json,sequential,largest,50,all,False,bbm,slow,27.849232124979608,200,200,200,200,366,366,100|100,100|100,100|100,100|100,,,,,,,,,,,0,2,1.049,12,0,2,1.036,12,2.31,380,50.169,382,False
302,102,./instances/msp/2obj/Lyngesen24-msp-2-100|100-uu-2_1.json,sequential,largest,first,all,False,phase1,slow,1.3422546660294756,200,200,200,200,366,366,100|100,100|100,100|100,100|100,,,,,,,,,,,0,2,0.364,6,0,2,0.364,6,0.446,200,0.174,202,False
302,102,./instances/msp/2obj/Lyngesen24-msp-2-100|100-uu-2_1.json,sequential,largest,none,all,False,phase1,slow,1.1794047500006855,200,200,200,200,366,366,100|100,100|100,100|100,100|100,,,,,,,,,,,0,2,0.167,4,0,2,0.166,4,0.37,200,0.0,202,False
302,102,./instances/msp/2obj/Lyngesen24-msp-2-100|100-uu-2_1.json,sequential,largest,100,all,False,phase1,slow,17.109315958921798,200,200,200,200,366,366,100|100,100|100,100|100,100|100,,,,,,,,,,,0,2,0.521,8,0,2,0.514,8,0.376,200,31.787,202,False
302,102,./instances/msp/2obj/Lyngesen24-msp-2-100|100-uu-2_1.json,sequential,largest,50,all,False,phase1,slow,21.84212258295156,200,200,200,200,366,366,100|100,100|100,100|100,100|100,,,,,,,,,,,0,2,0.755,10,0,2,0.745,10,0.993,200,40.346,202,False
200,99,./instances/msp/2obj/Lyngesen24-msp-2-50|50-uu-2_2.json,sequential,largest,first,all,False,bbm,slow,0.9497083749156445,100,100,100,100,219,219,50|50,50|50,50|50,50|50,,,,,,,,,,,0,2,0.399,6,0,2,0.399,6,0.264,194,0.183,196,False
200,99,./instances/msp/2obj/Lyngesen24-msp-2-50|50-uu-2_2.json,sequential,largest,none,all,False,bbm,slow,0.8149619160685688,100,100,100,100,219,219,50|50,50|50,50|50,50|50,,,,,,,,,,,0,2,0.181,4,0,2,0.18,4,0.271,194,0.0,196,False
200,99,./instances/msp/2obj/Lyngesen24-msp-2-50|50-uu-2_2.json,sequential,largest,100,all,False,bbm,slow,0.9158495409647003,100,100,100,100,219,219,50|50,50|50,50|50,50|50,,,,,,,,,,,0,2,0.351,6,0,2,0.35,6,0.285,194,0.177,196,False
200,99,./instances/msp/2obj/Lyngesen24-msp-2-50|50-uu-2_2.json,sequential,largest,50,all,False,bbm,slow,2.631658541969955,100,100,100,100,219,219,50|50,50|50,50|50,50|50,,,,,,,,,,,0,2,0.551,8,0,2,0.548,8,0.506,194,3.321,196,False
152,52,./instances/msp/2obj/Lyngesen24-msp-2-50|50-uu-2_2.json,sequential,largest,first,all,False,phase1,slow,0.7446174579672515,100,100,100,100,219,219,50|50,50|50,50|50,50|50,,,,,,,,,,,0,2,0.353,6,0,2,0.353,6,0.109,100,0.176,102,False
152,52,./instances/msp/2obj/Lyngesen24-msp-2-50|50-uu-2_2.json,sequential,largest,none,all,False,phase1,slow,0.6484540000092238,100,100,100,100,219,219,50|50,50|50,50|50,50|50,,,,,,,,,,,0,2,0.177,4,0,2,0.176,4,0.105,100,0.0,102,False
152,52,./instances/msp/2obj/Lyngesen24-msp-2-50|50-uu-2_2.json,sequential,largest,100,all,False,phase1,slow,0.7711313330801204,100,100,100,100,219,219,50|50,50|50,50|50,50|50,,,,,,,,,,,0,2,0.346,6,0,2,0.345,6,0.109,100,0.174,102,False
152,52,./instances/msp/2obj/Lyngesen24-msp-2-50|50-uu-2_2.json,sequential,largest,50,all,False,phase1,slow,5.465115499915555,100,100,100,100,219,219,50|50,50|50,50|50,50|50,,,,,,,,,,,0,2,0.525,8,0,2,0.521,8,0.108,100,9.627,102,False
200,99,./instances/msp/2obj/Lyngesen24-msp-2-50|50-uu-2_3.json,sequential,largest,first,all,False,bbm,slow,0.9190897910157219,100,80,100,80,218,218,50|50,50|50,50|30,50|30,,,,,,,,,,,0,2,0.385,6,0,2,0.385,6,0.268,194,0.179,196,False
200,99,./instances/msp/2obj/Lyngesen24-msp-2-50|50-uu-2_3.json,sequential,largest,none,all,False,bbm,slow,0.7859402499161661,100,80,100,80,218,218,50|50,50|50,50|30,50|30,,,,,,,,,,,0,2,0.178,4,0,2,0.178,4,0.262,194,0.0,196,False
200,99,./instances/msp/2obj/Lyngesen24-msp-2-50|50-uu-2_3.json,sequential,largest,100,all,False,bbm,slow,0.9070079999510199,100,80,100,80,218,218,50|50,50|50,50|30,50|30,,,,,,,,,,,0,2,0.355,6,0,2,0.354,6,0.266,194,0.173,196,False
194,96,./instances/msp/2obj/Lyngesen24-msp-2-50|50-uu-2_3.json,sequential,largest,50,all,False,bbm,slow,2.6975177079439163,100,80,100,80,218,218,50|50,50|50,50|30,50|30,,,,,,,,,,,0,2,0.548,8,0,2,0.545,8,0.565,188,3.449,190,False
152,52,./instances/msp/2obj/Lyngesen24-msp-2-50|50-uu-2_3.json,sequential,largest,first,all,False,phase1,slow,0.7289356250548735,100,80,100,80,218,218,50|50,50|50,50|30,50|30,,,,,,,,,,,0,2,0.351,6,0,2,0.35,6,0.108,100,0.175,102,False
152,52,./instances/msp/2obj/Lyngesen24-msp-2-50|50-uu-2_3.json,sequential,largest,none,all,False,phase1,slow,0.6715381249086931,100,80,100,80,218,218,50|50,50|50,50|30,50|30,,,,,,,,,,,0,2,0.179,4,0,2,0.178,4,0.105,100,0.0,102,False
152,52,./instances/msp/2obj/Lyngesen24-msp-2-50|50-uu-2_3.json,sequential,largest,100,all,False,phase1,slow,0.7201725840568542,100,80,100,80,218,218,50|50,50|50,50|30,50|30,,,,,,,,,,,0,2,0.349,6,0,2,0.348,6,0.108,100,0.174,102,False
152,52,./instances/msp/2obj/Lyngesen24-msp-2-50|50-uu-2_3.json,sequential,largest,50,all,False,phase1,slow,5.59456512494944,100,80,100,80,218,218,50|50,50|50,50|30,50|30,,,,,,,,,,,0,2,0.567,8,0,2,0.563,8,0.113,100,9.908,102,False
339,149,./instances/msp/2obj/Lyngesen24-msp-2-50|50|50-mmm-3_2.json,sequential,largest,first,all,False,bbm,slow,2.7220680830068886,150,88,150,88,791,791,50|50|50,50|50|50,33|28|27,33|28|27,,,,,,,,,,,0,2,0.753,6,0,2,0.748,6,0.47,292,1.569,294,False
339,149,./instances/msp/2obj/Lyngesen24-msp-2-50|50|50-mmm-3_2.json,sequential,largest,none,all,False,bbm,slow,1.8639380410313606,150,88,150,88,791,791,50|50|50,50|50|50,33|28|27,33|28|27,,,,,,,,,,,0,2,0.366,4,0,2,0.363,4,0.428,292,0.0,294,False
333,146,./instances/msp/2obj/Lyngesen24-msp-2-50|50|50-mmm-3_2.json,sequential,largest,100,all,False,bbm,slow,85.1773397079669,150,88,150,88,791,791,50|50|50,50|50|50,33|28|27,33|28|27,,,,,,,,,,,0,2,1.156,8,0,2,1.14,8,3.273,286,163.061,288,False
333,146,./instances/msp/2obj/Lyngesen24-msp-2-50|50|50-mmm-3_2.json,sequential,largest,50,all,False,bbm,slow,90.06856908404734,150,88,150,88,791,791,50|50|50,50|50|50,33|28|27,33|28|27,,,,,,,,,,,0,2,1.98,10,0,2,1.95,10,3.204,286,172.86,288,False
287,97,./instances/msp/2obj/Lyngesen24-msp-2-50|50|50-mmm-3_2.json,sequential,largest,first,all,False,phase1,slow,2.4488423749571666,150,88,150,88,791,791,50|50|50,50|50|50,33|28|27,33|28|27,,,,,,,,,,,0,2,0.666,6,0,2,0.66,6,0.288,188,1.616,190,False
287,97,./instances/msp/2obj/Lyngesen24-msp-2-50|50|50-mmm-3_2.json,sequential,largest,none,all,False,phase1,slow,1.6421576250577345,150,88,150,88,791,791,50|50|50,50|50|50,33|28|27,33|28|27,,,,,,,,,,,0,2,0.338,4,0,2,0.335,4,0.259,188,0.0,190,False
287,97,./instances/msp/2obj/Lyngesen24-msp-2-50|50|50-mmm-3_2.json,sequential,largest,100,all,False,phase1,slow,2.6772195000667125,150,88,150,88,791,791,50|50|50,50|50|50,33|28|27,33|28|27,,,,,,,,,,,0,2,0.668,6,0,2,0.663,6,0.286,188,1.551,190,False
282,92,./instances/msp/2obj/Lyngesen24-msp-2-50|50|50-mmm-3_2.json,sequential,largest,50,all,False,phase1,slow,68.47219491691794,150,88,150,88,791,791,50|50|50,50|50|50,33|28|27,33|28|27,,,,,,,,,,,0,2,1.051,8,0,2,1.036,8,1.569,178,131.979,180,False
288,98,./instances/msp/2obj/Lyngesen24-msp-2-50|50-ul-2_5.json,sequential,largest,first,all,False,bbm,slow,1.2887549999868497,100,66,100,66,183,183,50|50,50|50,16|50,16|50,,,,,,,,,,,0,2,0.369,6,0,2,0.366,6,0.346,192,0.875,194,False
288,98,./instances/msp/2obj/Lyngesen24-msp-2-50|50-ul-2_5.json,sequential,largest,none,all,False,bbm,slow,1.0025846669450402,100,66,100,66,183,183,50|50,50|50,16|50,16|50,,,,,,,,,,,0,2,0.572,4,0,2,0.564,4,0.315,192,0.0,194,False
288,98,./instances/msp/2obj/Lyngesen24-msp-2-50|50-ul-2_5.json,sequential,largest,100,all,False,bbm,slow,1.3026119170244783,100,66,100,66,183,183,50|50,50|50,16|50,16|50,,,,,,,,,,,0,2,0.356,6,0,2,0.353,6,0.348,192,0.897,194,False
288,98,./instances/msp/2obj/Lyngesen24-msp-2-50|50-ul-2_5.json,sequential,largest,50,all,False,bbm,slow,4.8385340420063585,100,66,100,66,183,183,50|50,50|50,16|50,16|50,,,,,,,,,,,0,2,0.541,8,0,2,0.535,8,0.8,192,7.426,194,False
214,72,./instances/msp/2obj/Lyngesen24-msp-2-50|50-ul-2_5.json,sequential,largest,first,all,False,phase1,slow,1.436023542075418,100,66,100,66,183,183,50|50,50|50,16|50,16|50,,,,,,,,,,,0,2,0.342,6,0,2,0.339,6,0.301,140,0.87,142,False
214,72,./instances/msp/2obj/Lyngesen24-msp-2-50|50-ul-2_5.json,sequential,largest,none,all,False,phase1,slow,0.669849207974039,100,66,100,66,183,183,50|50,50|50,16|50,16|50,,,,,,,,,,,0,2,0.173,4,0,2,0.171,4,0.205,140,0.0,142,False
214,72,./instances/msp/2obj/Lyngesen24-msp-2-50|50-ul-2_5.json,sequential,largest,100,all,False,phase1,slow,1.154110208968632,100,66,100,66,183,183,50|50,50|50,16|50,16|50,,,,,,,,,,,0,2,0.334,6,0,2,0.33,6,0.235,140,0.948,142,False
214,72,./instances/msp/2obj/Lyngesen24-msp-2-50|50-ul-2_5.json,sequential,largest,50,all,False,phase1,slow,5.191500958055258,100,66,100,66,183,183,50|50,50|50,16|50,16|50,,,,,,,,,,,0,2,0.568,8,0,2,0.561,8,0.44,140,8.713,142,False
228,100,./instances/msp/2obj/Lyngesen24-msp-2-50|50-mm-2_5.json,sequential,largest,first,all,False,bbm,slow,1.0161612500669435,100,71,100,71,336,336,50|50,50|50,34|37,34|37,,,,,,,,,,,0,2,0.373,6,0,2,0.371,6,0.301,196,0.293,198,False
228,100,./instances/msp/2obj/Lyngesen24-msp-2-50|50-mm-2_5.json,sequential,largest,none,all,False,bbm,slow,0.8089427079539746,100,71,100,71,336,336,50|50,50|50,34|37,34|37,,,,,,,,,,,0,2,0.178,4,0,2,0.177,4,0.284,196,0.0,198,False
228,100,./instances/msp/2obj/Lyngesen24-msp-2-50|50-mm-2_5.json,sequential,largest,100,all,False,bbm,slow,0.9669974170392379,100,71,100,71,336,336,50|50,50|50,34|37,34|37,,,,,,,,,,,0,2,0.34,6,0,2,0.338,6,0.302,196,0.288,198,False
228,100,./instances/msp/2obj/Lyngesen24-msp-2-50|50-mm-2_5.json,sequential,largest,50,all,False,bbm,slow,4.085106250015087,100,71,100,71,336,336,50|50,50|50,34|37,34|37,,,,,,,,,,,0,2,0.527,8,0,2,0.521,8,0.74,196,5.834,198,False
194,66,./instances/msp/2obj/Lyngesen24-msp-2-50|50-mm-2_5.json,sequential,largest,first,all,False,phase1,slow,0.8351922910660505,100,71,100,71,336,336,50|50,50|50,34|37,34|37,,,,,,,,,,,0,2,0.325,6,0,2,0.323,6,0.189,128,0.281,130,False
194,66,./instances/msp/2obj/Lyngesen24-msp-2-50|50-mm-2_5.json,sequential,largest,none,all,False,phase1,slow,0.6688474159454927,100,71,100,71,336,336,50|50,50|50,34|37,34|37,,,,,,,,,,,0,2,0.165,4,0,2,0.164,4,0.182,128,0.0,130,False
194,66,./instances/msp/2obj/Lyngesen24-msp-2-50|50-mm-2_5.json,sequential,largest,100,all,False,phase1,slow,0.8242448340170085,100,71,100,71,336,336,50|50,50|50,34|37,34|37,,,,,,,,,,,0,2,0.335,6,0,2,0.333,6,0.188,128,0.286,130,False
191,63,./instances/msp/2obj/Lyngesen24-msp-2-50|50-mm-2_5.json,sequential,largest,50,all,False,phase1,slow,8.487174874986522,100,71,100,71,336,336,50|50,50|50,34|37,34|37,,,,,,,,,,,0,2,0.522,8,0,2,0.514,8,0.311,122,15.397,124,False
645,294,./instances/msp/2obj/Lyngesen24-msp-2-100|100|100-mmm-3_3.json,sequential,largest,first,all,False,bbm,slow,6.231355124968104,300,145,300,145,1819,1819,100|100|100,100|100|100,47|51|47,47|51|47,,,,,,,,,,,0,2,0.739,6,0,2,0.729,6,1.738,582,3.522,584,False
645,294,./instances/msp/2obj/Lyngesen24-msp-2-100|100|100-mmm-3_3.json,sequential,largest,none,all,False,bbm,slow,4.344742999994196,300,145,300,145,1819,1819,100|100|100,100|100|100,47|51|47,47|51|47,,,,,,,,,,,0,2,0.343,4,0,2,0.338,4,1.618,582,0.0,584,False
639,291,./instances/msp/2obj/Lyngesen24-msp-2-100|100|100-mmm-3_3.json,sequential,largest,100,all,False,bbm,slow,457.0052027089987,300,145,300,145,1819,1819,100|100|100,100|100|100,47|51|47,47|51|47,,,,,,,,,,,0,2,1.599,10,0,2,1.553,10,15.455,576,886.513,578,False
625,284,./instances/msp/2obj/Lyngesen24-msp-2-100|100|100-mmm-3_3.json,sequential,largest,50,all,False,bbm,slow,1860.8448593330104,300,145,299,145,1819,1819,100|100|100,100|100|99,47|51|47,47|51|47,,,,,,,,,,,0,2,3.738,16,0,2,3.632,16,16.14,562,3692.226,564,False
573,193,./instances/msp/2obj/Lyngesen24-msp-2-100|100|100-mmm-3_3.json,sequential,largest,first,all,False,phase1,slow,5.85719795897603,300,145,300,145,1819,1819,100|100|100,100|100|100,47|51|47,47|51|47,,,,,,,,,,,0,2,0.958,6,0,2,0.949,6,1.112,380,3.535,382,False
573,193,./instances/msp/2obj/Lyngesen24-msp-2-100|100|100-mmm-3_3.json,sequential,largest,none,all,False,phase1,slow,4.046782499994151,300,145,300,145,1819,1819,100|100|100,100|100|100,47|51|47,47|51|47,,,,,,,,,,,0,2,0.469,4,0,2,0.464,4,1.031,380,0.0,382,False
560,180,./instances/msp/2obj/Lyngesen24-msp-2-100|100|100-mmm-3_3.json,sequential,largest,100,all,False,phase1,slow,329.4888142920099,300,145,297,145,1819,1819,100|100|100,100|99|98,47|51|47,47|51|47,,,,,,,,,,,0,2,1.503,8,0,2,1.472,8,7.287,354,642.588,356,False
549,169,./instances/msp/2obj/Lyngesen24-msp-2-100|100|100-mmm-3_3.json,sequential,largest,50,all,False,phase1,slow,1191.8558241249993,300,145,295,145,1819,1819,100|100|100,100|99|96,47|51|47,47|51|47,,,,,,,,,,,0,2,2.915,12,0,2,2.844,12,7.272,332,2365.847,334,False
607,283,./instances/msp/2obj/Lyngesen24-msp-2-100|100|100-mmm-3_2.json,sequential,largest,50,all,False,bbm,slow,4266.985275832994,300,131,299,131,2344,2344,100|100|100,100|99|100,52|38|41,52|38|41,,,,,,,,,,,0,2,3.499,18,0,2,3.343,18,15.002,560,8506.887,562,False
428,196,./instances/msp/2obj/Lyngesen24-msp-2-100|100-mm-2_5.json,alternating,largest,first,all,False,bbm,slow,1.6004938340047374,200,111,200,111,734,734,100|100,100|100,51|60,51|60,,,,,,,,,,,0,2,0.087,6,0,2,0.085,6,1.118,388,0.208,390,False
428,196,./instances/msp/2obj/Lyngesen24-msp-2-100|100-mm-2_5.json,alternating,largest,none,all,False,bbm,slow,1.6551494169980288,200,111,200,111,734,734,100|100,100|100,51|60,51|60,,,,,,,,,,,0,2,0.048,4,0,2,0.046,4,1.152,388,0.0,390,False
408,186,./instances/msp/2obj/Lyngesen24-msp-2-100|100-mm-2_5.json,alternating,largest,100,all,False,bbm,slow,29.056838209013222,200,111,198,111,734,734,100|100,98|100,51|60,51|60,,,,,,,,,,,0,2,0.201,8,0,2,0.188,8,1.972,368,54.07,370,False
408,186,./instances/msp/2obj/Lyngesen24-msp-2-100|100-mm-2_5.json,alternating,largest,50,all,False,bbm,slow,41.916960709000705,200,111,198,111,734,734,100|100,98|100,51|60,51|60,,,,,,,,,,,0,2,0.328,10,0,2,0.306,10,2.337,368,79.349,370,False
376,126,./instances/msp/2obj/Lyngesen24-msp-2-100|100-mm-2_5.json,alternating,largest,first,all,False,phase1,slow,1.1106098750024103,200,111,200,111,734,734,100|100,100|100,51|60,51|60,,,,,,,,,,,0,2,0.087,6,0,2,0.084,6,0.76,248,0.227,250,False
376,126,./instances/msp/2obj/Lyngesen24-msp-2-100|100-mm-2_5.json,alternating,largest,none,all,False,phase1,slow,0.9641703329980373,200,111,200,111,734,734,100|100,100|100,51|60,51|60,,,,,,,,,,,0,2,0.041,4,0,2,0.04,4,0.691,248,0.0,250,False
368,118,./instances/msp/2obj/Lyngesen24-msp-2-100|100-mm-2_5.json,alternating,largest,100,all,False,phase1,slow,35.95486254198477,200,111,199,111,734,734,100|100,100|99,51|60,51|60,,,,,,,,,,,0,2,0.218,8,0,2,0.204,8,0.896,232,69.633,234,False
359,109,./instances/msp/2obj/Lyngesen24-msp-2-100|100-mm-2_5.json,alternating,largest,50,all,False,phase1,slow,56.48882087497623,200,111,193,111,734,734,100|100,95|98,51|60,51|60,,,,,,,,,,,0,2,0.446,10,0,2,0.419,10,1.282,214,110.011,216,False
585,291,./instances/msp/2obj/Lyngesen24-msp-2-100|100|100-uuu-3_4.json,alternating,largest,first,all,False,bbm,slow,3.3441915000148583,300,263,300,263,852,852,100|100|100,100|100|100,100|63|100,100|63|100,,,,,,,,,,,0,2,0.227,6,0,2,0.226,6,1.604,576,0.088,578,False
585,291,./instances/msp/2obj/Lyngesen24-msp-2-100|100|100-uuu-3_4.json,alternating,largest,none,all,False,bbm,slow,3.220297334017232,300,263,300,263,852,852,100|100|100,100|100|100,100|63|100,100|63|100,,,,,,,,,,,0,2,0.108,4,0,2,0.108,4,1.579,576,0.0,578,False
579,288,./instances/msp/2obj/Lyngesen24-msp-2-100|100|100-uuu-3_4.json,alternating,largest,100,all,False,bbm,slow,289.4410634999804,300,263,300,263,852,852,100|100|100,100|100|100,100|63|100,100|63|100,,,,,,,,,,,0,2,0.717,10,0,2,0.697,10,9.371,570,561.937,572,False
577,287,./instances/msp/2obj/Lyngesen24-msp-2-100|100|100-uuu-3_4.json,alternating,largest,50,all,False,bbm,slow,729.7996439580165,300,263,300,263,852,852,100|100|100,100|100|100,100|63|100,100|63|100,,,,,,,,,,,0,2,2.131,16,0,2,2.083,16,11.329,568,1439.96,570,False
452,152,./instances/msp/2obj/Lyngesen24-msp-2-100|100|100-uuu-3_4.json,alternating,largest,first,all,False,phase1,slow,2.986148083000444,300,263,300,263,852,852,100|100|100,100|100|100,100|63|100,100|63|100,,,,,,,,,,,0,2,0.566,6,0,2,0.565,6,0.576,298,0.252,300,False
452,152,./instances/msp/2obj/Lyngesen24-msp-2-100|100|100-uuu-3_4.json,alternating,largest,none,all,False,phase1,slow,2.709882082999684,300,263,300,263,852,852,100|100|100,100|100|100,100|63|100,100|63|100,,,,,,,,,,,0,2,0.241,4,0,2,0.241,4,0.599,298,0.0,300,False
452,152,./instances/msp/2obj/Lyngesen24-msp-2-100|100|100-uuu-3_4.json,alternating,largest,100,all,False,phase1,slow,143.1997797920194,300,263,300,263,852,852,100|100|100,100|100|100,100|63|100,100|63|100,,,,,,,,,,,0,2,0.912,8,0,2,0.899,8,2.68,298,278.39,300,False
452,152,./instances/msp/2obj/Lyngesen24-msp-2-100|100|100-uuu-3_4.json,alternating,largest,50,all,False,phase1,slow,187.94168133300263,300,263,300,263,852,852,100|100|100,100|100|100,100|63|100,100|63|100,,,,,,,,,,,0,2,1.197,10,0,2,1.174,10,3.306,298,366.836,300,False
759,211,./instances/msp/2obj/Lyngesen24-msp-2-100|100|100-ull-3_4.json,alternating,largest,first,all,False,bbm,slow,36.954790625022724,300,203,227,203,1329,1329,100|100|100,27|100|100,3|100|100,3|100|100,,,,,,,,,,,0,2,0.741,6,0,2,0.709,6,1.822,416,66.758,418,False
927,295,./instances/msp/2obj/Lyngesen24-msp-2-100|100|100-ull-3_4.json,alternating,largest,none,all,False,bbm,slow,3.8543391669809353,300,203,300,203,1329,1329,100|100|100,100|100|100,3|100|100,3|100|100,,,,,,,,,,,0,2,0.393,4,0,2,0.33,4,1.949,584,0.0,586,False
759,211,./instances/msp/2obj/Lyngesen24-msp-2-100|100|100-ull-3_4.json,alternating,largest,100,all,False,bbm,slow,975.164678458008,300,203,227,203,1329,1329,100|100|100,27|100|100,3|100|100,3|100|100,,,,,,,,,,,0,2,1.586,10,0,2,1.459,10,5.227,416,1938.384,418,False
759,211,./instances/msp/2obj/Lyngesen24-msp-2-100|100|100-ull-3_4.json,alternating,largest,50,all,False,bbm,slow,1548.9752784169978,300,203,227,203,1329,1329,100|100|100,27|100|100,3|100|100,3|100|100,,,,,,,,,,,0,2,3.889,14,0,2,3.726,14,6.637,416,3083.259,418,False
564,188,./instances/msp/2obj/Lyngesen24-msp-2-100|100|100-ull-3_4.json,alternating,largest,first,all,False,phase1,slow,37.27787820799858,300,203,224,203,1329,1329,100|100|100,24|100|100,3|100|100,3|100|100,,,,,,,,,,,0,2,1.215,6,0,2,1.182,6,1.565,370,66.996,372,False
679,227,./instances/msp/2obj/Lyngesen24-msp-2-100|100|100-ull-3_4.json,alternating,largest,none,all,False,phase1,slow,3.669421541999327,300,203,300,203,1329,1329,100|100|100,100|100|100,3|100|100,3|100|100,,,,,,,,,,,0,2,0.632,4,0,2,0.569,4,1.38,448,0.0,450,False
564,188,./instances/msp/2obj/Lyngesen24-msp-2-100|100|100-ull-3_4.json,alternating,largest,100,all,False,phase1,slow,368.6306177499937,300,203,224,203,1329,1329,100|100|100,24|100|100,3|100|100,3|100|100,,,,,,,,,,,0,2,1.864,8,0,2,1.809,8,3.664,370,727.013,372,False
564,188,./instances/msp/2obj/Lyngesen24-msp-2-100|100|100-ull-3_4.json,alternating,largest,50,all,False,phase1,slow,1095.692571749998,300,203,224,203,1329,1329,100|100|100,24|100|100,3|100|100,3|100|100,,,,,,,,,,,0,2,3.107,12,0,2,3.016,12,4.536,370,2179.959,372,False
394,196,./instances/msp/2obj/Lyngesen24-msp-2-100|100-uu-2_3.json,alternating,largest,first,all,False,bbm,slow,2.115927417005878,200,200,200,200,344,344,100|100,100|100,100|100,100|100,,,,,,,,,,,0,2,0.485,6,0,2,0.484,6,1.03,388,0.221,390,False
394,196,./instances/msp/2obj/Lyngesen24-msp-2-100|100-uu-2_3.json,alternating,largest,none,all,False,bbm,slow,1.9573075420048553,200,200,200,200,344,344,100|100,100|100,100|100,100|100,,,,,,,,,,,0,2,0.227,4,0,2,0.227,4,1.067,388,0.0,390,False
394,196,./instances/msp/2obj/Lyngesen24-msp-2-100|100-uu-2_3.json,alternating,largest,100,all,False,bbm,slow,11.266352916019969,200,200,200,200,344,344,100|100,100|100,100|100,100|100,,,,,,,,,,,0,2,0.749,8,0,2,0.744,8,2.097,388,17.258,390,False
394,196,./instances/msp/2obj/Lyngesen24-msp-2-100|100-uu-2_3.json,alternating,largest,50,all,False,bbm,slow,28.88764804098173,200,200,200,200,344,344,100|100,100|100,100|100,100|100,,,,,,,,,,,0,2,1.298,12,0,2,1.285,12,2.613,388,51.681,390,False
302,102,./instances/msp/2obj/Lyngesen24-msp-2-100|100-uu-2_3.json,alternating,largest,first,all,False,phase1,slow,1.5339671249967068,200,200,200,200,344,344,100|100,100|100,100|100,100|100,,,,,,,,,,,0,2,0.46,6,0,2,0.46,6,0.385,200,0.23,202,False
302,102,./instances/msp/2obj/Lyngesen24-msp-2-100|100-uu-2_3.json,alternating,largest,none,all,False,phase1,slow,1.4084275419882033,200,200,200,200,344,344,100|100,100|100,100|100,100|100,,,,,,,,,,,0,2,0.238,4,0,2,0.238,4,0.419,200,0.0,202,False
302,102,./instances/msp/2obj/Lyngesen24-msp-2-100|100-uu-2_3.json,alternating,largest,100,all,False,phase1,slow,16.623339999991003,200,200,200,200,344,344,100|100,100|100,100|100,100|100,,,,,,,,,,,0,2,0.739,8,0,2,0.733,8,0.38,200,30.478,202,False
302,102,./instances/msp/2obj/Lyngesen24-msp-2-100|100-uu-2_3.json,alternating,largest,50,all,False,phase1,slow,23.286889500013785,200,200,200,200,344,344,100|100,100|100,100|100,100|100,,,,,,,,,,,0,2,1.06,10,0,2,1.048,10,0.869,200,43.062,202,False
335,150,./instances/msp/2obj/Lyngesen24-msp-2-50|50|50-mmm-3_1.json,alternating,largest,first,all,False,bbm,slow,2.893795083014993,150,82,150,82,758,758,50|50|50,50|50|50,18|31|33,18|31|33,,,,,,,,,,,0,2,1.033,6,0,2,1.028,6,0.461,294,1.333,296,False
335,150,./instances/msp/2obj/Lyngesen24-msp-2-50|50|50-mmm-3_1.json,alternating,largest,none,all,False,bbm,slow,2.0771400830126368,150,82,150,82,758,758,50|50|50,50|50|50,18|31|33,18|31|33,,,,,,,,,,,0,2,0.468,4,0,2,0.466,4,0.422,294,0.0,296,False
319,142,./instances/msp/2obj/Lyngesen24-msp-2-50|50|50-mmm-3_1.json,alternating,largest,100,all,False,bbm,slow,204.90520991699304,150,82,149,82,758,758,50|50|50,49|50|50,18|31|33,18|31|33,,,,,,,,,,,0,2,1.501,8,0,2,1.485,8,1.534,278,404.014,280,False
315,140,./instances/msp/2obj/Lyngesen24-msp-2-50|50|50-mmm-3_1.json,alternating,largest,50,all,False,bbm,slow,505.0702080409974,150,82,147,82,758,758,50|50|50,48|49|50,18|31|33,18|31|33,,,,,,,,,,,0,2,2.653,12,0,2,2.613,12,1.856,274,1003.959,276,False
291,99,./instances/msp/2obj/Lyngesen24-msp-2-50|50|50-mmm-3_1.json,alternating,largest,first,all,False,phase1,slow,2.610299166000914,150,82,150,82,758,758,50|50|50,50|50|50,18|31|33,18|31|33,,,,,,,,,,,0,2,0.975,6,0,2,0.97,6,0.292,192,1.305,194,False
291,99,./instances/msp/2obj/Lyngesen24-msp-2-50|50|50-mmm-3_1.json,alternating,largest,none,all,False,phase1,slow,1.852540207997663,150,82,150,82,758,758,50|50|50,50|50|50,18|31|33,18|31|33,,,,,,,,,,,0,2,0.456,4,0,2,0.454,4,0.268,192,0.0,194,False
291,99,./instances/msp/2obj/Lyngesen24-msp-2-50|50|50-mmm-3_1.json,alternating,largest,100,all,False,phase1,slow,2.565363375004381,150,82,150,82,758,758,50|50|50,50|50|50,18|31|33,18|31|33,,,,,,,,,,,0,2,0.996,6,0,2,0.94,6,0.289,192,1.362,194,False
269,79,./instances/msp/2obj/Lyngesen24-msp-2-50|50|50-mmm-3_1.json,alternating,largest,50,all,False,phase1,slow,183.44260666600894,150,82,147,82,758,758,50|50|50,49|48|50,18|31|33,18|31|33,,,,,,,,,,,0,2,1.47,8,0,2,1.453,8,1.072,152,361.838,154,False
397,110,./instances/msp/2obj/Lyngesen24-msp-2-50|50|50-ull-3_5.json,alternating,largest,first,all,False,bbm,slow,10.681529249995947,150,103,122,103,654,654,50|50|50,22|50|50,3|50|50,3|50|50,,,,,,,,,,,0,2,1.04,6,0,2,1.023,6,0.449,214,17.298,216,False
469,146,./instances/msp/2obj/Lyngesen24-msp-2-50|50|50-ull-3_5.json,alternating,largest,none,all,False,bbm,slow,2.012090125004761,150,103,150,103,654,654,50|50|50,50|50|50,3|50|50,3|50|50,,,,,,,,,,,0,2,0.511,4,0,2,0.502,4,0.457,286,0.0,288,False
397,110,./instances/msp/2obj/Lyngesen24-msp-2-50|50|50-ull-3_5.json,alternating,largest,100,all,False,bbm,slow,158.24071308301063,150,103,122,103,654,654,50|50|50,22|50|50,3|50|50,3|50|50,,,,,,,,,,,0,2,1.434,8,0,2,1.407,8,1.318,214,311.443,216,False
397,110,./instances/msp/2obj/Lyngesen24-msp-2-50|50|50-ull-3_5.json,alternating,largest,50,all,False,bbm,slow,200.67683949999628,150,103,122,103,654,654,50|50|50,22|50|50,3|50|50,3|50|50,,,,,,,,,,,0,2,2.079,10,0,2,2.043,10,1.753,214,395.461,216,False
301,101,./instances/msp/2obj/Lyngesen24-msp-2-50|50|50-ull-3_5.json,alternating,largest,first,all,False,phase1,slow,10.509869791014353,150,103,122,103,654,654,50|50|50,22|50|50,3|50|50,3|50|50,,,,,,,,,,,0,2,0.985,6,0,2,0.968,6,0.443,196,17.251,198,False
344,116,./instances/msp/2obj/Lyngesen24-msp-2-50|50|50-ull-3_5.json,alternating,largest,none,all,False,phase1,slow,1.8767515830113553,150,103,150,103,654,654,50|50|50,50|50|50,3|50|50,3|50|50,,,,,,,,,,,0,2,0.506,4,0,2,0.498,4,0.347,226,0.0,228,False
301,101,./instances/msp/2obj/Lyngesen24-msp-2-50|50|50-ull-3_5.json,alternating,largest,100,all,False,phase1,slow,199.94610312499572,150,103,122,103,654,654,50|50|50,22|50|50,3|50|50,3|50|50,,,,,,,,,,,0,2,1.495,8,0,2,1.467,8,0.406,196,396.182,198,False
301,101,./instances/msp/2obj/Lyngesen24-msp-2-50|50|50-ull-3_5.json,alternating,largest,50,all,False,phase1,slow,265.00496829199255,150,103,122,103,654,654,50|50|50,22|50|50,3|50|50,3|50|50,,,,,,,,,,,0,2,2.094,10,0,2,2.058,10,1.265,196,524.307,198,False
564,195,./instances/msp/2obj/Lyngesen24-msp-2-100|100-ul-2_5.json,alternating,largest,first,all,False,bbm,slow,3.4603930420125835,200,111,200,111,270,270,100|100,100|100,11|100,11|100,,,,,,,,,,,0,2,0.521,6,0,2,0.514,6,1.463,386,2.8,388,False
564,195,./instances/msp/2obj/Lyngesen24-msp-2-100|100-ul-2_5.json,alternating,largest,none,all,False,bbm,slow,1.8377567919960711,200,111,200,111,270,270,100|100,100|100,11|100,11|100,,,,,,,,,,,0,2,0.236,4,0,2,0.233,4,1.22,386,0.0,388,False
528,177,./instances/msp/2obj/Lyngesen24-msp-2-100|100-ul-2_5.json,alternating,largest,100,all,False,bbm,slow,29.083248500013724,200,111,194,111,270,270,100|100,94|100,11|100,11|100,,,,,,,,,,,0,2,1.078,10,0,2,1.011,10,2.035,350,53.233,352,False
528,177,./instances/msp/2obj/Lyngesen24-msp-2-100|100-ul-2_5.json,alternating,largest,50,all,False,bbm,slow,35.73381495801732,200,111,194,111,270,270,100|100,94|100,11|100,11|100,,,,,,,,,,,0,2,1.296,12,0,2,1.275,12,2.436,350,65.865,352,False
414,138,./instances/msp/2obj/Lyngesen24-msp-2-100|100-ul-2_5.json,alternating,largest,first,all,False,phase1,slow,2.9501365420001093,200,111,200,111,270,270,100|100,100|100,11|100,11|100,,,,,,,,,,,0,2,0.467,6,0,2,0.461,6,0.951,272,2.818,274,False
414,138,./instances/msp/2obj/Lyngesen24-msp-2-100|100-ul-2_5.json,alternating,largest,none,all,False,phase1,slow,1.4142234580067452,200,111,200,111,270,270,100|100,100|100,11|100,11|100,,,,,,,,,,,0,2,0.23,4,0,2,0.227,4,0.797,272,0.0,274,False
414,138,./instances/msp/2obj/Lyngesen24-msp-2-100|100-ul-2_5.json,alternating,largest,100,all,False,phase1,slow,14.485398957971483,200,111,200,111,270,270,100|100,100|100,11|100,11|100,,,,,,,,,,,0,2,0.717,8,0,2,0.706,8,1.295,272,25.453,274,False
414,138,./instances/msp/2obj/Lyngesen24-msp-2-100|100-ul-2_5.json,alternating,largest,50,all,False,phase1,slow,21.355185125023127,200,111,200,111,270,270,100|100,100|100,11|100,11|100,,,,,,,,,,,0,2,1.028,10,0,2,1.013,10,1.734,272,38.525,274,False
297,147,./instances/msp/2obj/Lyngesen24-msp-2-50|50|50-uuu-3_5.json,alternating,largest,first,all,False,bbm,slow,2.3576356249977835,150,150,150,150,386,386,50|50|50,50|50|50,50|50|50,50|50|50,,,,,,,,,,,0,2,0.953,6,0,2,0.952,6,0.444,288,0.443,290,False
297,147,./instances/msp/2obj/Lyngesen24-msp-2-50|50|50-uuu-3_5.json,alternating,largest,none,all,False,bbm,slow,1.9909972500172444,150,150,150,150,386,386,50|50|50,50|50|50,50|50|50,50|50|50,,,,,,,,,,,0,2,0.448,4,0,2,0.447,4,0.386,288,0.0,290,False
297,147,./instances/msp/2obj/Lyngesen24-msp-2-50|50|50-uuu-3_5.json,alternating,largest,100,all,False,bbm,slow,45.09546529198997,150,150,150,150,386,386,50|50|50,50|50|50,50|50|50,50|50|50,,,,,,,,,,,0,2,1.453,8,0,2,1.448,8,1.269,288,84.861,290,False
297,147,./instances/msp/2obj/Lyngesen24-msp-2-50|50|50-uuu-3_5.json,alternating,largest,50,all,False,bbm,slow,58.3079301250109,150,150,150,150,386,386,50|50|50,50|50|50,50|50|50,50|50|50,,,,,,,,,,,0,2,1.878,10,0,2,1.87,10,1.799,288,110.754,290,False
228,78,./instances/msp/2obj/Lyngesen24-msp-2-50|50|50-uuu-3_5.json,alternating,largest,first,all,False,phase1,slow,1.9801081249897834,150,150,150,150,386,386,50|50|50,50|50|50,50|50|50,50|50|50,,,,,,,,,,,0,2,0.85,6,0,2,0.849,6,0.164,150,0.431,152,False
228,78,./instances/msp/2obj/Lyngesen24-msp-2-50|50|50-uuu-3_5.json,alternating,largest,none,all,False,phase1,slow,1.7621022920066025,150,150,150,150,386,386,50|50|50,50|50|50,50|50|50,50|50|50,,,,,,,,,,,0,2,0.433,4,0,2,0.432,4,0.162,150,0.0,152,False
228,78,./instances/msp/2obj/Lyngesen24-msp-2-50|50|50-uuu-3_5.json,alternating,largest,100,all,False,phase1,slow,1.9713647500029765,150,150,150,150,386,386,50|50|50,50|50|50,50|50|50,50|50|50,,,,,,,,,,,0,2,0.855,6,0,2,0.855,6,0.163,150,0.433,152,False
228,78,./instances/msp/2obj/Lyngesen24-msp-2-50|50|50-uuu-3_5.json,alternating,largest,50,all,False,phase1,slow,35.24910987500334,150,150,150,150,386,386,50|50|50,50|50|50,50|50|50,50|50|50,,,,,,,,,,,0,2,1.323,8,0,2,1.317,8,0.585,150,66.394,152,False
301,149,./instances/msp/2obj/Lyngesen24-msp-2-50|50|50-uuu-3_4.json,alternating,largest,first,all,False,bbm,slow,2.306311458989512,150,119,150,119,536,536,50|50|50,50|50|50,40|29|50,40|29|50,,,,,,,,,,,0,2,0.933,6,0,2,0.932,6,0.404,292,0.437,294,False
301,149,./instances/msp/2obj/Lyngesen24-msp-2-50|50|50-uuu-3_4.json,alternating,largest,none,all,False,bbm,slow,2.1601458749792073,150,119,150,119,536,536,50|50|50,50|50|50,40|29|50,40|29|50,,,,,,,,,,,0,2,0.428,4,0,2,0.427,4,0.393,292,0.0,294,False
291,144,./instances/msp/2obj/Lyngesen24-msp-2-50|50|50-uuu-3_4.json,alternating,largest,100,all,False,bbm,slow,46.19460483401781,150,119,150,119,536,536,50|50|50,50|50|50,40|29|50,40|29|50,,,,,,,,,,,0,2,1.37,8,0,2,1.365,8,1.609,282,86.811,284,False
291,144,./instances/msp/2obj/Lyngesen24-msp-2-50|50|50-uuu-3_4.json,alternating,largest,50,all,False,bbm,slow,170.31085891701514,150,119,150,119,536,536,50|50|50,50|50|50,40|29|50,40|29|50,,,,,,,,,,,0,2,2.353,12,0,2,2.335,12,2.307,282,334.003,284,False
228,78,./instances/msp/2obj/Lyngesen24-msp-2-50|50|50-uuu-3_4.json,alternating,largest,first,all,False,phase1,slow,1.9409756249806378,150,119,150,119,536,536,50|50|50,50|50|50,40|29|50,40|29|50,,,,,,,,,,,0,2,0.825,6,0,2,0.825,6,0.165,150,0.424,152,False
228,78,./instances/msp/2obj/Lyngesen24-msp-2-50|50|50-uuu-3_4.json,alternating,largest,none,all,False,phase1,slow,1.9709701249958016,150,119,150,119,536,536,50|50|50,50|50|50,40|29|50,40|29|50,,,,,,,,,,,0,2,0.421,4,0,2,0.421,4,0.159,150,0.0,152,False
228,78,./instances/msp/2obj/Lyngesen24-msp-2-50|50|50-uuu-3_4.json,alternating,largest,100,all,False,phase1,slow,1.929642540984787,150,119,150,119,536,536,50|50|50,50|50|50,40|29|50,40|29|50,,,,,,,,,,,0,2,0.825,6,0,2,0.825,6,0.167,150,0.418,152,False
228,78,./instances/msp/2obj/Lyngesen24-msp-2-50|50|50-uuu-3_4.json,alternating,largest,50,all,False,phase1,slow,55.26245337500586,150,119,150,119,536,536,50|50|50,50|50|50,40|29|50,40|29|50,,,,,,,,,,,0,2,1.382,8,0,2,1.374,8,0.808,150,106.161,152,False
395,112,./instances/msp/2obj/Lyngesen24-msp-2-50|50|50-ull-3_4.json,alternating,largest,first,all,False,bbm,slow,10.162888457998633,150,105,126,105,961,961,50|50|50,26|50|50,5|50|50,5|50|50,,,,,,,,,,,0,2,1.004,6,0,2,0.988,6,0.467,218,15.893,220,False
463,146,./instances/msp/2obj/Lyngesen24-msp-2-50|50|50-ull-3_4.json,alternating,largest,none,all,False,bbm,slow,2.129326083988417,150,105,150,105,961,961,50|50|50,50|50|50,5|50|50,5|50|50,,,,,,,,,,,0,2,0.464,4,0,2,0.456,4,0.464,286,0.0,288,False
395,112,./instances/msp/2obj/Lyngesen24-msp-2-50|50|50-ull-3_4.json,alternating,largest,100,all,False,bbm,slow,218.89146312500816,150,105,126,105,961,961,50|50|50,26|50|50,5|50|50,5|50|50,,,,,,,,,,,0,2,1.474,8,0,2,1.444,8,1.37,218,432.349,220,False
395,112,./instances/msp/2obj/Lyngesen24-msp-2-50|50|50-ull-3_4.json,alternating,largest,50,all,False,bbm,slow,271.11427679198096,150,105,126,105,961,961,50|50|50,26|50|50,5|50|50,5|50|50,,,,,,,,,,,0,2,2.162,10,0,2,2.069,10,1.652,218,536.29,220,False
298,100,./instances/msp/2obj/Lyngesen24-msp-2-50|50|50-ull-3_4.json,alternating,largest,first,all,False,phase1,slow,10.096758082974702,150,105,120,105,961,961,50|50|50,20|50|50,5|50|50,5|50|50,,,,,,,,,,,0,2,0.957,6,0,2,0.941,6,0.407,194,16.138,196,False
344,116,./instances/msp/2obj/Lyngesen24-msp-2-50|50|50-ull-3_4.json,alternating,largest,none,all,False,phase1,slow,2.0045678750029765,150,105,150,105,961,961,50|50|50,50|50|50,5|50|50,5|50|50,,,,,,,,,,,0,2,0.471,4,0,2,0.463,4,0.353,226,0.0,228,False
298,100,./instances/msp/2obj/Lyngesen24-msp-2-50|50|50-ull-3_4.json,alternating,largest,100,all,False,phase1,slow,10.243545915989671,150,105,120,105,961,961,50|50|50,20|50|50,5|50|50,5|50|50,,,,,,,,,,,0,2,0.936,6,0,2,0.92,6,0.448,194,16.522,196,False
298,100,./instances/msp/2obj/Lyngesen24-msp-2-50|50|50-ull-3_4.json,alternating,largest,50,all,False,phase1,slow,114.25171766601852,150,105,120,105,961,961,50|50|50,20|50|50,5|50|50,5|50|50,,,,,,,,,,,0,2,1.449,8,0,2,1.419,8,1.031,194,223.719,196,False
556,195,./instances/msp/2obj/Lyngesen24-msp-2-100|100-ul-2_4.json,alternating,largest,first,all,False,bbm,slow,3.2690504170022905,200,111,200,111,310,310,100|100,100|100,11|100,11|100,,,,,,,,,,,0,2,0.458,6,0,2,0.452,6,1.394,386,2.614,388,False
556,195,./instances/msp/2obj/Lyngesen24-msp-2-100|100-ul-2_4.json,alternating,largest,none,all,False,bbm,slow,1.8118132500094362,200,111,200,111,310,310,100|100,100|100,11|100,11|100,,,,,,,,,,,0,2,0.216,4,0,2,0.213,4,1.23,386,0.0,388,False
518,176,./instances/msp/2obj/Lyngesen24-msp-2-100|100-ul-2_4.json,alternating,largest,100,all,False,bbm,slow,28.64169333400787,200,111,197,111,310,310,100|100,97|100,11|100,11|100,,,,,,,,,,,0,2,0.916,10,0,2,0.901,10,2.054,348,52.488,350,False
510,172,./instances/msp/2obj/Lyngesen24-msp-2-100|100-ul-2_4.json,alternating,largest,50,all,False,bbm,slow,46.907294999982696,200,111,192,111,310,310,100|100,92|100,11|100,11|100,,,,,,,,,,,0,2,2.038,14,0,2,2.01,14,2.59,340,88.218,342,False
407,137,./instances/msp/2obj/Lyngesen24-msp-2-100|100-ul-2_4.json,alternating,largest,first,all,False,phase1,slow,2.68803841699264,200,111,200,111,310,310,100|100,100|100,11|100,11|100,,,,,,,,,,,0,2,0.418,6,0,2,0.412,6,0.856,270,2.562,272,False
407,137,./instances/msp/2obj/Lyngesen24-msp-2-100|100-ul-2_4.json,alternating,largest,none,all,False,phase1,slow,1.3406549580104183,200,111,200,111,310,310,100|100,100|100,11|100,11|100,,,,,,,,,,,0,2,0.212,4,0,2,0.209,4,0.773,270,0.0,272,False
407,137,./instances/msp/2obj/Lyngesen24-msp-2-100|100-ul-2_4.json,alternating,largest,100,all,False,phase1,slow,16.228440667007817,200,111,200,111,310,310,100|100,100|100,11|100,11|100,,,,,,,,,,,0,2,0.677,8,0,2,0.667,8,1.325,270,28.929,272,False
406,136,./instances/msp/2obj/Lyngesen24-msp-2-100|100-ul-2_4.json,alternating,largest,50,all,False,phase1,slow,10.371645000006538,200,111,200,111,310,310,100|100,100|100,11|100,11|100,,,,,,,,,,,0,2,0.662,8,0,2,0.652,8,1.469,268,17.085,270,False
202,100,./instances/msp/2obj/Lyngesen24-msp-2-50|50-uu-2_1.json,alternating,largest,first,all,False,bbm,slow,1.0639721670013387,100,100,100,100,168,168,50|50,50|50,50|50,50|50,,,,,,,,,,,0,2,0.454,6,0,2,0.453,6,0.266,196,0.203,198,False
202,100,./instances/msp/2obj/Lyngesen24-msp-2-50|50-uu-2_1.json,alternating,largest,none,all,False,bbm,slow,0.8636064169986639,100,100,100,100,168,168,50|50,50|50,50|50,50|50,,,,,,,,,,,0,2,0.202,4,0,2,0.201,4,0.267,196,0.0,198,False
202,100,./instances/msp/2obj/Lyngesen24-msp-2-50|50-uu-2_1.json,alternating,largest,100,all,False,bbm,slow,1.0043840419966727,100,100,100,100,168,168,50|50,50|50,50|50,50|50,,,,,,,,,,,0,2,0.417,6,0,2,0.416,6,0.337,196,0.207,198,False
202,100,./instances/msp/2obj/Lyngesen24-msp-2-50|50-uu-2_1.json,alternating,largest,50,all,False,bbm,slow,3.5988775829900987,100,100,100,100,168,168,50|50,50|50,50|50,50|50,,,,,,,,,,,0,2,0.628,8,0,2,0.625,8,0.528,196,5.153,198,False
152,52,./instances/msp/2obj/Lyngesen24-msp-2-50|50-uu-2_1.json,alternating,largest,first,all,False,phase1,slow,0.8514450830116402,100,100,100,100,168,168,50|50,50|50,50|50,50|50,,,,,,,,,,,0,2,0.39,6,0,2,0.39,6,0.114,100,0.19,102,False
152,52,./instances/msp/2obj/Lyngesen24-msp-2-50|50-uu-2_1.json,alternating,largest,none,all,False,phase1,slow,0.7087464169890154,100,100,100,100,168,168,50|50,50|50,50|50,50|50,,,,,,,,,,,0,2,0.207,4,0,2,0.207,4,0.105,100,0.0,102,False
152,52,./instances/msp/2obj/Lyngesen24-msp-2-50|50-uu-2_1.json,alternating,largest,100,all,False,phase1,slow,0.8194376669998746,100,100,100,100,168,168,50|50,50|50,50|50,50|50,,,,,,,,,,,0,2,0.391,6,0,2,0.39,6,0.109,100,0.196,102,False
152,52,./instances/msp/2obj/Lyngesen24-msp-2-50|50-uu-2_1.json,alternating,largest,50,all,False,phase1,slow,4.586310917016817,100,100,100,100,168,168,50|50,50|50,50|50,50|50,,,,,,,,,,,0,2,0.601,8,0,2,0.597,8,0.11,100,7.773,102,False
386,192,./instances/msp/2obj/Lyngesen24-msp-2-100|100-uu-2_2.json,alternating,largest,first,all,False,bbm,slow,1.9794348750147037,200,197,200,197,364,364,100|100,100|100,97|100,97|100,,,,,,,,,,,0,2,0.443,6,0,2,0.442,6,1.028,380,0.2,382,False
386,192,./instances/msp/2obj/Lyngesen24-msp-2-100|100-uu-2_2.json,alternating,largest,none,all,False,bbm,slow,1.8446690420096274,200,197,200,197,364,364,100|100,100|100,97|100,97|100,,,,,,,,,,,0,2,0.202,4,0,2,0.201,4,0.972,380,0.0,382,False
386,192,./instances/msp/2obj/Lyngesen24-msp-2-100|100-uu-2_2.json,alternating,largest,100,all,False,bbm,slow,12.104103833000408,200,197,200,197,364,364,100|100,100|100,97|100,97|100,,,,,,,,,,,0,2,0.661,8,0,2,0.656,8,2.077,380,19.014,382,False
386,192,./instances/msp/2obj/Lyngesen24-msp-2-100|100-uu-2_2.json,alternating,largest,50,all,False,bbm,slow,30.928390084009152,200,197,200,197,364,364,100|100,100|100,97|100,97|100,,,,,,,,,,,0,2,1.162,12,0,2,1.148,12,2.6,380,55.897,382,False
302,102,./instances/msp/2obj/Lyngesen24-msp-2-100|100-uu-2_2.json,alternating,largest,first,all,False,phase1,slow,1.4649244580068626,200,197,200,197,364,364,100|100,100|100,97|100,97|100,,,,,,,,,,,0,2,0.417,6,0,2,0.416,6,0.377,200,0.205,202,False
302,102,./instances/msp/2obj/Lyngesen24-msp-2-100|100-uu-2_2.json,alternating,largest,none,all,False,phase1,slow,1.3343701659759972,200,197,200,197,364,364,100|100,100|100,97|100,97|100,,,,,,,,,,,0,2,0.214,4,0,2,0.213,4,0.415,200,0.0,202,False
302,102,./instances/msp/2obj/Lyngesen24-msp-2-100|100-uu-2_2.json,alternating,largest,100,all,False,phase1,slow,17.284109875006834,200,197,200,197,364,364,100|100,100|100,97|100,97|100,,,,,,,,,,,0,2,0.683,8,0,2,0.676,8,0.407,200,31.902,202,False
302,102,./instances/msp/2obj/Lyngesen24-msp-2-100|100-uu-2_2.json,alternating,largest,50,all,False,phase1,slow,22.928511958016315,200,197,200,197,364,364,100|100,100|100,97|100,97|100,,,,,,,,,,,0,2,0.945,10,0,2,0.934,10,0.847,200,42.627,202,False
647,295,./instances/msp/2obj/Lyngesen24-msp-2-100|100|100-mmm-3_1.json,alternating,largest,first,all,False,bbm,slow,7.2293135420186445,300,147,300,147,1847,1847,100|100|100,100|100|100,49|52|46,49|52|46,,,,,,,,,,,0,2,1.317,6,0,2,1.307,6,1.915,584,3.854,586,False
647,295,./instances/msp/2obj/Lyngesen24-msp-2-100|100|100-mmm-3_1.json,alternating,largest,none,all,False,bbm,slow,4.803120083000977,300,147,300,147,1847,1847,100|100|100,100|100|100,49|52|46,49|52|46,,,,,,,,,,,0,2,0.428,4,0,2,0.423,4,1.721,584,0.0,586,False
591,267,./instances/msp/2obj/Lyngesen24-msp-2-100|100|100-mmm-3_1.json,alternating,largest,100,all,False,bbm,slow,3114.349872166,300,147,297,147,1847,1847,100|100|100,100|100|97,49|52|46,49|52|46,,,,,,,,,,,0,2,3.01,12,0,2,2.853,12,9.414,528,6207.802,530,False
591,267,./instances/msp/2obj/Lyngesen24-msp-2-100|100|100-mmm-3_1.json,alternating,largest,50,all,False,bbm,slow,4093.4553098329925,300,147,297,147,1847,1847,100|100|100,100|100|97,49|52|46,49|52|46,,,,,,,,,,,0,2,5.06,16,0,2,4.925,16,12.174,528,8162.742,530,False
579,195,./instances/msp/2obj/Lyngesen24-msp-2-100|100|100-mmm-3_1.json,alternating,largest,first,all,False,phase1,slow,6.526990499987733,300,147,300,147,1847,1847,100|100|100,100|100|100,49|52|46,49|52|46,,,,,,,,,,,0,2,1.245,6,0,2,1.236,6,1.072,384,3.935,386,False
579,195,./instances/msp/2obj/Lyngesen24-msp-2-100|100|100-mmm-3_1.json,alternating,largest,none,all,False,phase1,slow,4.431892207998317,300,147,300,147,1847,1847,100|100|100,100|100|100,49|52|46,49|52|46,,,,,,,,,,,0,2,0.566,4,0,2,0.562,4,1.107,384,0.0,386,False
540,158,./instances/msp/2obj/Lyngesen24-msp-2-100|100|100-mmm-3_1.json,alternating,largest,100,all,False,phase1,slow,2496.488131125021,300,147,295,147,1847,1847,100|100|100,98|100|97,49|52|46,49|52|46,,,,,,,,,,,0,2,2.838,10,0,2,2.771,10,5.247,310,4977.727,312,False
520,148,./instances/msp/2obj/Lyngesen24-msp-2-100|100|100-mmm-3_1.json,alternating,largest,50,all,False,phase1,slow,1322.5096654999943,300,147,285,147,1847,1847,100|100|100,94|96|95,49|52|46,49|52|46,,,,,,,,,,,0,2,2.651,10,0,2,2.585,10,6.46,290,2628.729,292,False
753,207,./instances/msp/2obj/Lyngesen24-msp-2-100|100|100-ull-3_5.json,alternating,largest,first,all,False,bbm,slow,39.933594917005394,300,203,223,203,1441,1441,100|100|100,23|100|100,3|100|100,3|100|100,,,,,,,,,,,0,2,1.097,6,0,2,1.062,6,1.801,408,71.843,410,False
925,293,./instances/msp/2obj/Lyngesen24-msp-2-100|100|100-ull-3_5.json,alternating,largest,none,all,False,bbm,slow,4.152270874998067,300,203,300,203,1441,1441,100|100|100,100|100|100,3|100|100,3|100|100,,,,,,,,,,,0,2,0.578,4,0,2,0.561,4,1.906,580,0.0,582,False
753,207,./instances/msp/2obj/Lyngesen24-msp-2-100|100|100-ull-3_5.json,alternating,largest,100,all,False,bbm,slow,1061.3201820839895,300,203,223,203,1441,1441,100|100|100,23|100|100,3|100|100,3|100|100,,,,,,,,,,,0,2,2.382,10,0,2,2.306,10,4.755,408,2110.612,410,False
753,207,./instances/msp/2obj/Lyngesen24-msp-2-100|100|100-ull-3_5.json,alternating,largest,50,all,False,bbm,slow,1711.0672846249945,300,203,223,203,1441,1441,100|100|100,23|100|100,3|100|100,3|100|100,,,,,,,,,,,0,2,3.944,14,0,2,3.827,14,6.07,408,3408.277,410,False
552,184,./instances/msp/2obj/Lyngesen24-msp-2-100|100|100-ull-3_5.json,alternating,largest,first,all,False,phase1,slow,39.98799854100798,300,203,222,203,1441,1441,100|100|100,22|100|100,3|100|100,3|100|100,,,,,,,,,,,0,2,1.228,6,0,2,1.193,6,1.521,362,72.325,364,False
670,224,./instances/msp/2obj/Lyngesen24-msp-2-100|100|100-ull-3_5.json,alternating,largest,none,all,False,phase1,slow,3.7214456249785144,300,203,300,203,1441,1441,100|100|100,100|100|100,3|100|100,3|100|100,,,,,,,,,,,0,2,0.627,4,0,2,0.61,4,1.359,442,0.0,444,False
552,184,./instances/msp/2obj/Lyngesen24-msp-2-100|100|100-ull-3_5.json,alternating,largest,100,all,False,phase1,slow,389.85104604202206,300,203,222,203,1441,1441,100|100|100,22|100|100,3|100|100,3|100|100,,,,,,,,,,,0,2,1.933,8,0,2,1.877,8,3.319,362,769.9,364,False
552,184,./instances/msp/2obj/Lyngesen24-msp-2-100|100|100-ull-3_5.json,alternating,largest,50,all,False,phase1,slow,1143.285839958,300,203,222,203,1441,1441,100|100|100,22|100|100,3|100|100,3|100|100,,,,,,,,,,,0,2,3.253,12,0,2,3.156,12,4.629,362,2274.972,364,False
587,292,./instances/msp/2obj/Lyngesen24-msp-2-100|100|100-uuu-3_5.json,alternating,largest,first,all,False,bbm,slow,4.790003457979765,300,300,300,300,731,731,100|100|100,100|100|100,100|100|100,100|100|100,,,,,,,,,,,0,2,1.071,6,0,2,1.07,6,1.6,578,0.496,580,False
587,292,./instances/msp/2obj/Lyngesen24-msp-2-100|100|100-uuu-3_5.json,alternating,largest,none,all,False,bbm,slow,4.427712082979269,300,300,300,300,731,731,100|100|100,100|100|100,100|100|100,100|100|100,,,,,,,,,,,0,2,0.484,4,0,2,0.484,4,1.548,578,0.0,580,False
587,292,./instances/msp/2obj/Lyngesen24-msp-2-100|100|100-uuu-3_5.json,alternating,largest,100,all,False,bbm,slow,221.98933224997018,300,300,300,300,731,731,100|100|100,100|100|100,100|100|100,100|100|100,,,,,,,,,,,0,2,2.198,10,0,2,2.182,10,8.212,578,426.451,580,False
587,292,./instances/msp/2obj/Lyngesen24-msp-2-100|100|100-uuu-3_5.json,alternating,largest,50,all,False,bbm,slow,543.5185357499868,300,300,300,300,731,731,100|100|100,100|100|100,100|100|100,100|100|100,,,,,,,,,,,0,2,3.904,16,0,2,3.866,16,10.262,578,1067.152,580,False
456,154,./instances/msp/2obj/Lyngesen24-msp-2-100|100|100-uuu-3_5.json,alternating,largest,first,all,False,phase1,slow,3.848527499998454,300,300,300,300,731,731,100|100|100,100|100|100,100|100|100,100|100|100,,,,,,,,,,,0,2,1.001,6,0,2,1.0,6,0.635,302,0.479,304,False
456,154,./instances/msp/2obj/Lyngesen24-msp-2-100|100|100-uuu-3_5.json,alternating,largest,none,all,False,phase1,slow,3.5845664169755764,300,300,300,300,731,731,100|100|100,100|100|100,100|100|100,100|100|100,,,,,,,,,,,0,2,0.483,4,0,2,0.483,4,0.624,302,0.0,304,False
456,154,./instances/msp/2obj/Lyngesen24-msp-2-100|100|100-uuu-3_5.json,alternating,largest,100,all,False,phase1,slow,130.82287495804485,300,300,300,300,731,731,100|100|100,100|100|100,100|100|100,100|100|100,,,,,,,,,,,0,2,1.593,8,0,2,1.582,8,2.393,302,252.191,304,False
456,154,./instances/msp/2obj/Lyngesen24-msp-2-100|100|100-uuu-3_5.json,alternating,largest,50,all,False,phase1,slow,409.3410191249568,300,300,300,300,731,731,100|100|100,100|100|100,100|100|100,100|100|100,,,,,,,,,,,0,2,2.984,12,0,2,2.95,12,3.422,302,807.896,304,False
428,197,./instances/msp/2obj/Lyngesen24-msp-2-100|100-mm-2_4.json,alternating,largest,first,all,False,bbm,slow,2.1774768329923972,200,129,200,129,679,679,100|100,100|100,60|69,60|69,,,,,,,,,,,0,2,0.518,6,0,2,0.516,6,1.187,390,0.398,392,False
428,197,./instances/msp/2obj/Lyngesen24-msp-2-100|100-mm-2_4.json,alternating,largest,none,all,False,bbm,slow,1.9377072090283036,200,129,200,129,679,679,100|100,100|100,60|69,60|69,,,,,,,,,,,0,2,0.231,4,0,2,0.23,4,1.097,390,0.0,392,False
414,190,./instances/msp/2obj/Lyngesen24-msp-2-100|100-mm-2_4.json,alternating,largest,100,all,False,bbm,slow,61.43405291700037,200,129,199,129,679,679,100|100,99|100,60|69,60|69,,,,,,,,,,,0,2,1.067,10,0,2,1.044,10,2.012,376,117.691,378,False
412,189,./instances/msp/2obj/Lyngesen24-msp-2-100|100-mm-2_4.json,alternating,largest,50,all,False,bbm,slow,103.20126208296278,200,129,199,129,679,679,100|100,99|100,60|69,60|69,,,,,,,,,,,0,2,1.738,14,0,2,1.649,14,2.481,374,200.461,376,False
373,125,./instances/msp/2obj/Lyngesen24-msp-2-100|100-mm-2_4.json,alternating,largest,first,all,False,phase1,slow,1.6732050830032676,200,129,200,129,679,679,100|100,100|100,60|69,60|69,,,,,,,,,,,0,2,0.476,6,0,2,0.474,6,0.695,246,0.403,248,False
373,125,./instances/msp/2obj/Lyngesen24-msp-2-100|100-mm-2_4.json,alternating,largest,none,all,False,phase1,slow,1.432059874990955,200,129,200,129,679,679,100|100,100|100,60|69,60|69,,,,,,,,,,,0,2,0.239,4,0,2,0.238,4,0.668,246,0.0,248,False
367,119,./instances/msp/2obj/Lyngesen24-msp-2-100|100-mm-2_4.json,alternating,largest,100,all,False,phase1,slow,32.3352110410342,200,129,200,129,679,679,100|100,100|100,60|69,60|69,,,,,,,,,,,0,2,1.274,8,0,2,1.252,8,0.884,234,61.506,236,False
350,106,./instances/msp/2obj/Lyngesen24-msp-2-100|100-mm-2_4.json,alternating,largest,50,all,False,phase1,slow,21.812286583008245,200,129,193,129,679,679,100|100,95|98,60|69,60|69,,,,,,,,,,,0,2,0.777,8,0,2,0.764,8,1.07,208,40.095,210,False
388,193,./instances/msp/2obj/Lyngesen24-msp-2-100|100-uu-2_5.json,alternating,largest,first,all,False,bbm,slow,2.0589371669921093,200,181,200,181,385,385,100|100,100|100,81|100,81|100,,,,,,,,,,,0,2,0.498,6,0,2,0.497,6,1.009,382,0.228,384,False
388,193,./instances/msp/2obj/Lyngesen24-msp-2-100|100-uu-2_5.json,alternating,largest,none,all,False,bbm,slow,1.90459854103392,200,181,200,181,385,385,100|100,100|100,81|100,81|100,,,,,,,,,,,0,2,0.229,4,0,2,0.229,4,1.037,382,0.0,384,False
386,192,./instances/msp/2obj/Lyngesen24-msp-2-100|100-uu-2_5.json,alternating,largest,100,all,False,bbm,slow,11.421082374989055,200,181,200,181,385,385,100|100,100|100,81|100,81|100,,,,,,,,,,,0,2,0.73,8,0,2,0.725,8,1.963,380,17.586,382,False
380,189,./instances/msp/2obj/Lyngesen24-msp-2-100|100-uu-2_5.json,alternating,largest,50,all,False,bbm,slow,29.124142040964216,200,181,200,181,385,385,100|100,100|100,81|100,81|100,,,,,,,,,,,0,2,1.274,12,0,2,1.26,12,2.504,374,52.204,376,False
301,101,./instances/msp/2obj/Lyngesen24-msp-2-100|100-uu-2_5.json,alternating,largest,first,all,False,phase1,slow,1.3965319159906358,200,181,200,181,385,385,100|100,100|100,81|100,81|100,,,,,,,,,,,0,2,0.424,6,0,2,0.424,6,0.37,198,0.211,200,False
301,101,./instances/msp/2obj/Lyngesen24-msp-2-100|100-uu-2_5.json,alternating,largest,none,all,False,phase1,slow,1.3085100839962251,200,181,200,181,385,385,100|100,100|100,81|100,81|100,,,,,,,,,,,0,2,0.215,4,0,2,0.215,4,0.362,198,0.0,200,False
301,101,./instances/msp/2obj/Lyngesen24-msp-2-100|100-uu-2_5.json,alternating,largest,100,all,False,phase1,slow,1.4661176250083372,200,181,200,181,385,385,100|100,100|100,81|100,81|100,,,,,,,,,,,0,2,0.44,6,0,2,0.44,6,0.372,198,0.219,200,False
301,101,./instances/msp/2obj/Lyngesen24-msp-2-100|100-uu-2_5.json,alternating,largest,50,all,False,phase1,slow,8.19119399995543,200,181,200,181,385,385,100|100,100|100,81|100,81|100,,,,,,,,,,,0,2,0.736,8,0,2,0.73,8,0.939,198,13.068,200,False
389,110,./instances/msp/2obj/Lyngesen24-msp-2-50|50|50-ull-3_3.json,alternating,largest,first,all,False,bbm,slow,9.160544208949432,150,103,121,103,593,593,50|50|50,21|50|50,3|50|50,3|50|50,,,,,,,,,,,0,2,1.112,6,0,2,1.097,6,0.449,214,14.196,216,False
463,147,./instances/msp/2obj/Lyngesen24-msp-2-50|50|50-ull-3_3.json,alternating,largest,none,all,False,bbm,slow,1.9883154169656336,150,103,150,103,593,593,50|50|50,50|50|50,3|50|50,3|50|50,,,,,,,,,,,0,2,0.493,4,0,2,0.486,4,0.463,288,0.0,290,False
389,110,./instances/msp/2obj/Lyngesen24-msp-2-50|50|50-ull-3_3.json,alternating,largest,100,all,False,bbm,slow,132.3430198749993,150,103,121,103,593,593,50|50|50,21|50|50,3|50|50,3|50|50,,,,,,,,,,,0,2,1.538,8,0,2,1.514,8,1.095,214,259.902,216,False
387,109,./instances/msp/2obj/Lyngesen24-msp-2-50|50|50-ull-3_3.json,alternating,largest,50,all,False,bbm,slow,169.94699095899705,150,103,120,103,593,593,50|50|50,20|50|50,3|50|50,3|50|50,,,,,,,,,,,0,2,2.185,10,0,2,2.085,10,1.781,212,334.245,214,False
289,97,./instances/msp/2obj/Lyngesen24-msp-2-50|50|50-ull-3_3.json,alternating,largest,first,all,False,phase1,slow,8.955746541032568,150,103,120,103,593,593,50|50|50,20|50|50,3|50|50,3|50|50,,,,,,,,,,,0,2,0.944,6,0,2,0.93,6,0.421,188,14.303,190,False
335,113,./instances/msp/2obj/Lyngesen24-msp-2-50|50|50-ull-3_3.json,alternating,largest,none,all,False,phase1,slow,1.7860946250148118,150,103,150,103,593,593,50|50|50,50|50|50,3|50|50,3|50|50,,,,,,,,,,,0,2,0.457,4,0,2,0.45,4,0.33,220,0.0,222,False
289,97,./instances/msp/2obj/Lyngesen24-msp-2-50|50|50-ull-3_3.json,alternating,largest,100,all,False,phase1,slow,8.923109415976796,150,103,120,103,593,593,50|50|50,20|50|50,3|50|50,3|50|50,,,,,,,,,,,0,2,0.94,6,0,2,0.927,6,0.419,188,14.26,190,False
289,97,./instances/msp/2obj/Lyngesen24-msp-2-50|50|50-ull-3_3.json,alternating,largest,50,all,False,phase1,slow,63.940459250006825,150,103,120,103,593,593,50|50|50,20|50|50,3|50|50,3|50|50,,,,,,,,,,,0,2,2.031,8,0,2,2.0,8,1.08,188,123.153,190,False
560,197,./instances/msp/2obj/Lyngesen24-msp-2-100|100-ul-2_3.json,alternating,largest,first,all,False,bbm,slow,3.336563999997452,200,110,200,110,284,284,100|100,100|100,10|100,10|100,,,,,,,,,,,0,2,0.503,6,0,2,0.497,6,1.469,390,2.536,392,False
560,197,./instances/msp/2obj/Lyngesen24-msp-2-100|100-ul-2_3.json,alternating,largest,none,all,False,bbm,slow,1.8454031249857508,200,110,200,110,284,284,100|100,100|100,10|100,10|100,,,,,,,,,,,0,2,0.232,4,0,2,0.229,4,1.233,390,0.0,392,False
516,175,./instances/msp/2obj/Lyngesen24-msp-2-100|100-ul-2_3.json,alternating,largest,100,all,False,bbm,slow,28.00467141601257,200,110,196,110,284,284,100|100,96|100,10|100,10|100,,,,,,,,,,,0,2,1.07,10,0,2,1.006,10,2.132,346,51.001,348,False
514,174,./instances/msp/2obj/Lyngesen24-msp-2-100|100-ul-2_3.json,alternating,largest,50,all,False,bbm,slow,32.858142749988474,200,110,196,110,284,284,100|100,96|100,10|100,10|100,,,,,,,,,,,0,2,1.198,12,0,2,1.18,12,2.493,344,59.677,346,False
407,137,./instances/msp/2obj/Lyngesen24-msp-2-100|100-ul-2_3.json,alternating,largest,first,all,False,phase1,slow,2.7308079579961486,200,110,200,110,284,284,100|100,100|100,10|100,10|100,,,,,,,,,,,0,2,0.46,6,0,2,0.454,6,0.857,270,2.592,272,False
407,137,./instances/msp/2obj/Lyngesen24-msp-2-100|100-ul-2_3.json,alternating,largest,none,all,False,phase1,slow,1.3877287920331582,200,110,200,110,284,284,100|100,100|100,10|100,10|100,,,,,,,,,,,0,2,0.279,4,0,2,0.227,4,0.75,270,0.0,272,False
406,136,./instances/msp/2obj/Lyngesen24-msp-2-100|100-ul-2_3.json,alternating,largest,100,all,False,phase1,slow,15.193711416970473,200,110,200,110,284,284,100|100,100|100,10|100,10|100,,,,,,,,,,,0,2,0.732,8,0,2,0.722,8,1.251,268,26.877,270,False
405,135,./instances/msp/2obj/Lyngesen24-msp-2-100|100-ul-2_3.json,alternating,largest,50,all,False,phase1,slow,10.001886249985546,200,110,200,110,284,284,100|100,100|100,10|100,10|100,,,,,,,,,,,0,2,0.758,8,0,2,0.748,8,1.458,266,16.134,268,False
301,149,./instances/msp/2obj/Lyngesen24-msp-2-50|50|50-uuu-3_3.json,alternating,largest,first,all,False,bbm,slow,2.170048040978145,150,107,150,107,350,350,50|50|50,50|50|50,50|23|34,50|23|34,,,,,,,,,,,0,2,0.955,6,0,2,0.955,6,0.402,292,0.448,294,False
301,149,./instances/msp/2obj/Lyngesen24-msp-2-50|50|50-uuu-3_3.json,alternating,largest,none,all,False,bbm,slow,1.8076509580132551,150,107,150,107,350,350,50|50|50,50|50|50,50|23|34,50|23|34,,,,,,,,,,,0,2,0.436,4,0,2,0.436,4,0.393,292,0.0,294,False
279,138,./instances/msp/2obj/Lyngesen24-msp-2-50|50|50-uuu-3_3.json,alternating,largest,100,all,False,bbm,slow,44.65988654200919,150,107,149,107,350,350,50|50|50,50|49|50,50|23|34,50|23|34,,,,,,,,,,,0,2,1.467,8,0,2,1.461,8,1.141,270,84.486,272,False
279,138,./instances/msp/2obj/Lyngesen24-msp-2-50|50|50-uuu-3_3.json,alternating,largest,50,all,False,bbm,slow,116.0385326660471,150,107,148,107,350,350,50|50|50,50|49|49,50|23|34,50|23|34,,,,,,,,,,,0,2,2.495,12,0,2,2.48,12,1.803,270,226.283,272,False
228,78,./instances/msp/2obj/Lyngesen24-msp-2-50|50|50-uuu-3_3.json,alternating,largest,first,all,False,phase1,slow,1.8656194169889204,150,107,150,107,350,350,50|50|50,50|50|50,50|23|34,50|23|34,,,,,,,,,,,0,2,0.858,6,0,2,0.857,6,0.163,150,0.439,152,False
228,78,./instances/msp/2obj/Lyngesen24-msp-2-50|50|50-uuu-3_3.json,alternating,largest,none,all,False,phase1,slow,1.5971674580359831,150,107,150,107,350,350,50|50|50,50|50|50,50|23|34,50|23|34,,,,,,,,,,,0,2,0.435,4,0,2,0.434,4,0.158,150,0.0,152,False
228,78,./instances/msp/2obj/Lyngesen24-msp-2-50|50|50-uuu-3_3.json,alternating,largest,100,all,False,phase1,slow,1.8131377500249073,150,107,150,107,350,350,50|50|50,50|50|50,50|23|34,50|23|34,,,,,,,,,,,0,2,0.879,6,0,2,0.878,6,0.166,150,0.438,152,False
228,78,./instances/msp/2obj/Lyngesen24-msp-2-50|50|50-uuu-3_3.json,alternating,largest,50,all,False,phase1,slow,34.124728374998085,150,107,150,107,350,350,50|50|50,50|50|50,50|23|34,50|23|34,,,,,,,,,,,0,2,1.417,8,0,2,1.41,8,0.654,150,64.341,152,False
428,197,./instances/msp/2obj/Lyngesen24-msp-2-100|100-mm-2_3.json,alternating,largest,first,all,False,bbm,slow,2.128058583009988,200,129,200,129,679,679,100|100,100|100,69|60,69|60,,,,,,,,,,,0,2,0.462,6,0,2,0.46,6,1.184,390,0.395,392,False
428,197,./instances/msp/2obj/Lyngesen24-msp-2-100|100-mm-2_3.json,alternating,largest,none,all,False,bbm,slow,1.9330779159790836,200,129,200,129,679,679,100|100,100|100,69|60,69|60,,,,,,,,,,,0,2,0.237,4,0,2,0.236,4,1.103,390,0.0,392,False
414,190,./instances/msp/2obj/Lyngesen24-msp-2-100|100-mm-2_3.json,alternating,largest,100,all,False,bbm,slow,61.55524775001686,200,129,199,129,679,679,100|100,100|99,69|60,69|60,,,,,,,,,,,0,2,1.073,10,0,2,1.05,10,2.02,376,117.91,378,False
412,189,./instances/msp/2obj/Lyngesen24-msp-2-100|100-mm-2_3.json,alternating,largest,50,all,False,bbm,slow,103.29083924996667,200,129,199,129,679,679,100|100,100|99,69|60,69|60,,,,,,,,,,,0,2,2.174,14,0,2,2.076,14,2.593,374,200.649,376,False
373,125,./instances/msp/2obj/Lyngesen24-msp-2-100|100-mm-2_3.json,alternating,largest,first,all,False,phase1,slow,1.6344868749729358,200,129,200,129,679,679,100|100,100|100,69|60,69|60,,,,,,,,,,,0,2,0.452,6,0,2,0.45,6,0.692,246,0.393,248,False
373,125,./instances/msp/2obj/Lyngesen24-msp-2-100|100-mm-2_3.json,alternating,largest,none,all,False,phase1,slow,1.4161329159978777,200,129,200,129,679,679,100|100,100|100,69|60,69|60,,,,,,,,,,,0,2,0.229,4,0,2,0.228,4,0.667,246,0.0,248,False
367,119,./instances/msp/2obj/Lyngesen24-msp-2-100|100-mm-2_3.json,alternating,largest,100,all,False,phase1,slow,32.216802958981134,200,129,200,129,679,679,100|100,100|100,69|60,69|60,,,,,,,,,,,0,2,0.766,8,0,2,0.753,8,0.84,234,61.174,236,False
350,106,./instances/msp/2obj/Lyngesen24-msp-2-100|100-mm-2_3.json,alternating,largest,50,all,False,phase1,slow,21.592931875027716,200,129,193,129,679,679,100|100,98|95,69|60,69|60,,,,,,,,,,,0,2,0.714,8,0,2,0.701,8,1.089,208,39.785,210,False
585,291,./instances/msp/2obj/Lyngesen24-msp-2-100|100|100-uuu-3_2.json,alternating,largest,first,all,False,bbm,slow,4.160953500017058,300,165,300,165,751,751,100|100|100,100|100|100,100|34|31,100|34|31,,,,,,,,,,,0,2,0.98,6,0,2,0.979,6,1.568,576,0.471,578,False
585,291,./instances/msp/2obj/Lyngesen24-msp-2-100|100|100-uuu-3_2.json,alternating,largest,none,all,False,bbm,slow,3.8273451250279322,300,165,300,165,751,751,100|100|100,100|100|100,100|34|31,100|34|31,,,,,,,,,,,0,2,0.441,4,0,2,0.44,4,1.533,576,0.0,578,False
571,284,./instances/msp/2obj/Lyngesen24-msp-2-100|100|100-uuu-3_2.json,alternating,largest,100,all,False,bbm,slow,51.654724708991125,300,165,299,165,751,751,100|100|100,100|99|100,100|34|31,100|34|31,,,,,,,,,,,0,2,1.434,8,0,2,1.428,8,5.164,562,90.49,564,False
541,269,./instances/msp/2obj/Lyngesen24-msp-2-100|100|100-uuu-3_2.json,alternating,largest,50,all,False,bbm,slow,581.2277324160095,300,165,296,165,751,751,100|100|100,100|97|99,100|34|31,100|34|31,,,,,,,,,,,0,2,3.937,16,0,2,3.838,16,7.939,532,1146.314,534,False
452,152,./instances/msp/2obj/Lyngesen24-msp-2-100|100|100-uuu-3_2.json,alternating,largest,first,all,False,phase1,slow,3.199416499992367,300,165,300,165,751,751,100|100|100,100|100|100,100|34|31,100|34|31,,,,,,,,,,,0,2,0.901,6,0,2,0.901,6,0.618,298,0.44,300,False
452,152,./instances/msp/2obj/Lyngesen24-msp-2-100|100|100-uuu-3_2.json,alternating,largest,none,all,False,phase1,slow,2.891313000000082,300,165,300,165,751,751,100|100|100,100|100|100,100|34|31,100|34|31,,,,,,,,,,,0,2,0.437,4,0,2,0.436,4,0.559,298,0.0,300,False
452,152,./instances/msp/2obj/Lyngesen24-msp-2-100|100|100-uuu-3_2.json,alternating,largest,100,all,False,phase1,slow,131.58963895804482,300,165,300,165,751,751,100|100|100,100|100|100,100|34|31,100|34|31,,,,,,,,,,,0,2,1.474,8,0,2,1.462,8,2.488,298,254.969,300,False
452,152,./instances/msp/2obj/Lyngesen24-msp-2-100|100|100-uuu-3_2.json,alternating,largest,50,all,False,phase1,slow,180.08390158304246,300,165,300,165,751,751,100|100|100,100|100|100,100|34|31,100|34|31,,,,,,,,,,,0,2,2.147,10,0,2,2.074,10,3.283,298,350.681,300,False
761,212,./instances/msp/2obj/Lyngesen24-msp-2-100|100|100-ull-3_2.json,alternating,largest,first,all,False,bbm,slow,36.23955387499882,300,202,228,202,1345,1345,100|100|100,28|100|100,2|100|100,2|100|100,,,,,,,,,,,0,2,1.129,6,0,2,1.098,6,1.88,418,64.715,420,False
923,293,./instances/msp/2obj/Lyngesen24-msp-2-100|100|100-ull-3_2.json,alternating,largest,none,all,False,bbm,slow,3.9956736249732785,300,202,300,202,1345,1345,100|100|100,100|100|100,2|100|100,2|100|100,,,,,,,,,,,0,2,0.572,4,0,2,0.556,4,1.919,580,0.0,582,False
761,212,./instances/msp/2obj/Lyngesen24-msp-2-100|100|100-ull-3_2.json,alternating,largest,100,all,False,bbm,slow,947.8094755419879,300,202,228,202,1345,1345,100|100|100,28|100|100,2|100|100,2|100|100,,,,,,,,,,,0,2,2.208,10,0,2,2.138,10,5.259,418,1883.532,420,False
759,211,./instances/msp/2obj/Lyngesen24-msp-2-100|100|100-ull-3_2.json,alternating,largest,50,all,False,bbm,slow,1443.4944931670325,300,202,227,202,1345,1345,100|100|100,27|100|100,2|100|100,2|100|100,,,,,,,,,,,0,2,4.011,14,0,2,3.902,14,6.218,416,2873.275,418,False
566,188,./instances/msp/2obj/Lyngesen24-msp-2-100|100|100-ull-3_2.json,alternating,largest,first,all,False,phase1,slow,36.03347937500803,300,202,230,202,1345,1345,100|100|100,30|100|100,2|100|100,2|100|100,,,,,,,,,,,0,2,1.262,6,0,2,1.23,6,1.558,370,64.933,372,False
672,224,./instances/msp/2obj/Lyngesen24-msp-2-100|100|100-ull-3_2.json,alternating,largest,none,all,False,phase1,slow,3.5090741249732673,300,202,300,202,1345,1345,100|100|100,100|100|100,2|100|100,2|100|100,,,,,,,,,,,0,2,0.605,4,0,2,0.589,4,1.362,442,0.0,444,False
566,188,./instances/msp/2obj/Lyngesen24-msp-2-100|100|100-ull-3_2.json,alternating,largest,100,all,False,phase1,slow,342.9313620419707,300,202,230,202,1345,1345,100|100|100,30|100|100,2|100|100,2|100|100,,,,,,,,,,,0,2,1.905,8,0,2,1.853,8,3.685,370,675.87,372,False
566,188,./instances/msp/2obj/Lyngesen24-msp-2-100|100|100-ull-3_2.json,alternating,largest,50,all,False,phase1,slow,1017.3444511660491,300,202,230,202,1345,1345,100|100|100,30|100|100,2|100|100,2|100|100,,,,,,,,,,,0,2,3.169,12,0,2,3.08,12,4.268,370,2023.781,372,False
753,212,./instances/msp/2obj/Lyngesen24-msp-2-100|100|100-ull-3_3.json,alternating,largest,first,all,False,bbm,slow,36.67766387498705,300,202,228,202,1329,1329,100|100|100,28|100|100,2|100|100,2|100|100,,,,,,,,,,,0,2,1.159,6,0,2,1.127,6,1.88,418,65.383,420,False
921,296,./instances/msp/2obj/Lyngesen24-msp-2-100|100|100-ull-3_3.json,alternating,largest,none,all,False,bbm,slow,4.1074184169992805,300,202,300,202,1329,1329,100|100|100,100|100|100,2|100|100,2|100|100,,,,,,,,,,,0,2,0.552,4,0,2,0.536,4,2.01,586,0.0,588,False
753,212,./instances/msp/2obj/Lyngesen24-msp-2-100|100|100-ull-3_3.json,alternating,largest,100,all,False,bbm,slow,908.6607110000332,300,202,228,202,1329,1329,100|100|100,28|100|100,2|100|100,2|100|100,,,,,,,,,,,0,2,2.462,10,0,2,2.391,10,5.492,418,1804.315,420,False
753,212,./instances/msp/2obj/Lyngesen24-msp-2-100|100|100-ull-3_3.json,alternating,largest,50,all,False,bbm,slow,1449.16507524997,300,202,228,202,1329,1329,100|100|100,28|100|100,2|100|100,2|100|100,,,,,,,,,,,0,2,3.994,14,0,2,3.836,14,6.541,418,2884.089,420,False
557,187,./instances/msp/2obj/Lyngesen24-msp-2-100|100|100-ull-3_3.json,alternating,largest,first,all,False,phase1,slow,36.14253008400556,300,202,224,202,1329,1329,100|100|100,24|100|100,2|100|100,2|100|100,,,,,,,,,,,0,2,1.244,6,0,2,1.211,6,1.492,368,65.027,370,False
672,226,./instances/msp/2obj/Lyngesen24-msp-2-100|100|100-ull-3_3.json,alternating,largest,none,all,False,phase1,slow,3.565571082988754,300,202,300,202,1329,1329,100|100|100,100|100|100,2|100|100,2|100|100,,,,,,,,,,,0,2,0.59,4,0,2,0.575,4,1.395,446,0.0,448,False
557,187,./instances/msp/2obj/Lyngesen24-msp-2-100|100|100-ull-3_3.json,alternating,largest,100,all,False,phase1,slow,355.40313404100016,300,202,224,202,1329,1329,100|100|100,24|100|100,2|100|100,2|100|100,,,,,,,,,,,0,2,1.866,8,0,2,1.814,8,3.855,368,700.616,370,False
557,187,./instances/msp/2obj/Lyngesen24-msp-2-100|100|100-ull-3_3.json,alternating,largest,50,all,False,phase1,slow,1088.1549517919775,300,202,224,202,1329,1329,100|100|100,24|100|100,2|100|100,2|100|100,,,,,,,,,,,0,2,3.063,12,0,2,2.972,12,4.732,368,2164.965,370,False
591,294,./instances/msp/2obj/Lyngesen24-msp-2-100|100|100-uuu-3_3.json,alternating,largest,first,all,False,bbm,slow,4.842536749958526,300,267,300,267,735,735,100|100|100,100|100|100,67|100|100,67|100|100,,,,,,,,,,,0,2,1.054,6,0,2,1.053,6,1.635,582,0.493,584,False
591,294,./instances/msp/2obj/Lyngesen24-msp-2-100|100|100-uuu-3_3.json,alternating,largest,none,all,False,bbm,slow,4.505748666997533,300,267,300,267,735,735,100|100|100,100|100|100,67|100|100,67|100|100,,,,,,,,,,,0,2,0.493,4,0,2,0.493,4,1.587,582,0.0,584,False
581,289,./instances/msp/2obj/Lyngesen24-msp-2-100|100|100-uuu-3_3.json,alternating,largest,100,all,False,bbm,slow,262.358926291985,300,267,299,267,735,735,100|100|100,99|100|100,67|100|100,67|100|100,,,,,,,,,,,0,2,2.358,10,0,2,2.34,10,9.536,572,505.511,574,False
581,289,./instances/msp/2obj/Lyngesen24-msp-2-100|100|100-uuu-3_3.json,alternating,largest,50,all,False,bbm,slow,409.6212417909992,300,267,299,267,735,735,100|100|100,99|100|100,67|100|100,67|100|100,,,,,,,,,,,0,2,3.323,14,0,2,3.293,14,11.113,572,798.24,574,False
453,153,./instances/msp/2obj/Lyngesen24-msp-2-100|100|100-uuu-3_3.json,alternating,largest,first,all,False,phase1,slow,4.006871416000649,300,267,300,267,735,735,100|100|100,100|100|100,67|100|100,67|100|100,,,,,,,,,,,0,2,0.883,6,0,2,0.882,6,0.62,300,0.45,302,False
453,153,./instances/msp/2obj/Lyngesen24-msp-2-100|100|100-uuu-3_3.json,alternating,largest,none,all,False,phase1,slow,3.443207667034585,300,267,300,267,735,735,100|100|100,100|100|100,67|100|100,67|100|100,,,,,,,,,,,0,2,0.443,4,0,2,0.443,4,0.616,300,0.0,302,False
453,153,./instances/msp/2obj/Lyngesen24-msp-2-100|100|100-uuu-3_3.json,alternating,largest,100,all,False,phase1,slow,131.80917695804965,300,267,300,267,735,735,100|100|100,100|100|100,67|100|100,67|100|100,,,,,,,,,,,0,2,1.475,8,0,2,1.464,8,2.4,300,254.188,302,False
453,153,./instances/msp/2obj/Lyngesen24-msp-2-100|100|100-uuu-3_3.json,alternating,largest,50,all,False,phase1,slow,407.6220328750205,300,267,300,267,735,735,100|100|100,100|100|100,67|100|100,67|100|100,,,,,,,,,,,0,2,2.569,12,0,2,2.538,12,3.641,300,804.391,302,False
238,100,./instances/msp/2obj/Lyngesen24-msp-2-50|50-mm-2_1.json,alternating,largest,first,all,False,bbm,slow,1.1875717919901945,100,72,100,72,297,297,50|50,50|50,33|39,33|39,,,,,,,,,,,0,2,0.48,6,0,2,0.477,6,0.31,196,0.453,198,False
238,100,./instances/msp/2obj/Lyngesen24-msp-2-50|50-mm-2_1.json,alternating,largest,none,all,False,bbm,slow,0.903199833992403,100,72,100,72,297,297,50|50,50|50,33|39,33|39,,,,,,,,,,,0,2,0.217,4,0,2,0.215,4,0.29,196,0.0,198,False
238,100,./instances/msp/2obj/Lyngesen24-msp-2-50|50-mm-2_1.json,alternating,largest,100,all,False,bbm,slow,1.1504582909983583,100,72,100,72,297,297,50|50,50|50,33|39,33|39,,,,,,,,,,,0,2,0.436,6,0,2,0.433,6,0.312,196,0.446,198,False
238,100,./instances/msp/2obj/Lyngesen24-msp-2-50|50-mm-2_1.json,alternating,largest,50,all,False,bbm,slow,7.099965333007276,100,72,100,72,297,297,50|50,50|50,33|39,33|39,,,,,,,,,,,0,2,0.735,8,0,2,0.727,8,0.552,196,12.057,198,False
194,66,./instances/msp/2obj/Lyngesen24-msp-2-50|50-mm-2_1.json,alternating,largest,first,all,False,phase1,slow,1.0286049169953912,100,72,100,72,297,297,50|50,50|50,33|39,33|39,,,,,,,,,,,0,2,0.435,6,0,2,0.433,6,0.19,128,0.442,130,False
194,66,./instances/msp/2obj/Lyngesen24-msp-2-50|50-mm-2_1.json,alternating,largest,none,all,False,phase1,slow,0.825168416951783,100,72,100,72,297,297,50|50,50|50,33|39,33|39,,,,,,,,,,,0,2,0.225,4,0,2,0.223,4,0.181,128,0.0,130,False
194,66,./instances/msp/2obj/Lyngesen24-msp-2-50|50-mm-2_1.json,alternating,largest,100,all,False,phase1,slow,1.0236121659982018,100,72,100,72,297,297,50|50,50|50,33|39,33|39,,,,,,,,,,,0,2,0.44,6,0,2,0.437,6,0.191,128,0.449,130,False
192,64,./instances/msp/2obj/Lyngesen24-msp-2-50|50-mm-2_1.json,alternating,largest,50,all,False,phase1,slow,7.608521000016481,100,72,100,72,297,297,50|50,50|50,33|39,33|39,,,,,,,,,,,0,2,0.699,8,0,2,0.691,8,0.267,124,13.472,126,False
426,198,./instances/msp/2obj/Lyngesen24-msp-2-100|100-mm-2_2.json,alternating,largest,first,all,False,bbm,slow,2.1406908750068396,200,109,200,109,747,747,100|100,100|100,57|52,57|52,,,,,,,,,,,0,2,0.466,6,0,2,0.464,6,1.182,392,0.351,394,False
426,198,./instances/msp/2obj/Lyngesen24-msp-2-100|100-mm-2_2.json,alternating,largest,none,all,False,bbm,slow,1.8627460419666022,200,109,200,109,747,747,100|100,100|100,57|52,57|52,,,,,,,,,,,0,2,0.223,4,0,2,0.222,4,1.137,392,0.0,394,False
410,190,./instances/msp/2obj/Lyngesen24-msp-2-100|100-mm-2_2.json,alternating,largest,100,all,False,bbm,slow,67.43993366701761,200,109,199,109,747,747,100|100,100|99,57|52,57|52,,,,,,,,,,,0,2,1.045,10,0,2,1.02,10,2.142,376,129.648,378,False
404,187,./instances/msp/2obj/Lyngesen24-msp-2-100|100-mm-2_2.json,alternating,largest,50,all,False,bbm,slow,111.32202966598561,200,109,198,109,747,747,100|100,100|98,57|52,57|52,,,,,,,,,,,0,2,1.622,14,0,2,1.579,14,2.493,370,216.907,372,False
369,123,./instances/msp/2obj/Lyngesen24-msp-2-100|100-mm-2_2.json,alternating,largest,first,all,False,phase1,slow,1.5645004579564556,200,109,200,109,747,747,100|100,100|100,57|52,57|52,,,,,,,,,,,0,2,0.447,6,0,2,0.444,6,0.68,242,0.34,244,False
369,123,./instances/msp/2obj/Lyngesen24-msp-2-100|100-mm-2_2.json,alternating,largest,none,all,False,phase1,slow,1.3683627090067603,200,109,200,109,747,747,100|100,100|100,57|52,57|52,,,,,,,,,,,0,2,0.211,4,0,2,0.21,4,0.649,242,0.0,244,False
366,120,./instances/msp/2obj/Lyngesen24-msp-2-100|100-mm-2_2.json,alternating,largest,100,all,False,phase1,slow,35.88783574994886,200,109,200,109,747,747,100|100,100|100,57|52,57|52,,,,,,,,,,,0,2,0.69,8,0,2,0.676,8,0.947,236,68.545,238,False
353,107,./instances/msp/2obj/Lyngesen24-msp-2-100|100-mm-2_2.json,alternating,largest,50,all,False,phase1,slow,24.591359541052952,200,109,195,109,747,747,100|100,99|96,57|52,57|52,,,,,,,,,,,0,2,0.721,8,0,2,0.708,8,1.023,210,45.834,212,False
295,146,./instances/msp/2obj/Lyngesen24-msp-2-50|50|50-uuu-3_2.json,alternating,largest,first,all,False,bbm,slow,2.3597972500137985,150,150,150,150,429,429,50|50|50,50|50|50,50|50|50,50|50|50,,,,,,,,,,,0,2,0.928,6,0,2,0.928,6,0.435,286,0.429,288,False
295,146,./instances/msp/2obj/Lyngesen24-msp-2-50|50|50-uuu-3_2.json,alternating,largest,none,all,False,bbm,slow,2.135956625046674,150,150,150,150,429,429,50|50|50,50|50|50,50|50|50,50|50|50,,,,,,,,,,,0,2,0.418,4,0,2,0.418,4,0.378,286,0.0,288,False
295,146,./instances/msp/2obj/Lyngesen24-msp-2-50|50|50-uuu-3_2.json,alternating,largest,100,all,False,bbm,slow,51.176959833013825,150,150,150,150,429,429,50|50|50,50|50|50,50|50|50,50|50|50,,,,,,,,,,,0,2,1.383,8,0,2,1.377,8,1.628,286,96.751,288,False
295,146,./instances/msp/2obj/Lyngesen24-msp-2-50|50|50-uuu-3_2.json,alternating,largest,50,all,False,bbm,slow,66.41162899998017,150,150,150,150,429,429,50|50|50,50|50|50,50|50|50,50|50|50,,,,,,,,,,,0,2,1.891,10,0,2,1.83,10,2.155,286,126.358,288,False
228,78,./instances/msp/2obj/Lyngesen24-msp-2-50|50|50-uuu-3_2.json,alternating,largest,first,all,False,phase1,slow,2.0691077500232495,150,150,150,150,429,429,50|50|50,50|50|50,50|50|50,50|50|50,,,,,,,,,,,0,2,0.859,6,0,2,0.859,6,0.165,150,0.436,152,False
228,78,./instances/msp/2obj/Lyngesen24-msp-2-50|50|50-uuu-3_2.json,alternating,largest,none,all,False,phase1,slow,1.826893082994502,150,150,150,150,429,429,50|50|50,50|50|50,50|50|50,50|50|50,,,,,,,,,,,0,2,0.434,4,0,2,0.434,4,0.158,150,0.0,152,False
228,78,./instances/msp/2obj/Lyngesen24-msp-2-50|50|50-uuu-3_2.json,alternating,largest,100,all,False,phase1,slow,2.037671375030186,150,150,150,150,429,429,50|50|50,50|50|50,50|50|50,50|50|50,,,,,,,,,,,0,2,0.861,6,0,2,0.86,6,0.162,150,0.437,152,False
228,78,./instances/msp/2obj/Lyngesen24-msp-2-50|50|50-uuu-3_2.json,alternating,largest,50,all,False,phase1,slow,47.75064941600431,150,150,150,150,429,429,50|50|50,50|50|50,50|50|50,50|50|50,,,,,,,,,,,0,2,1.416,8,0,2,1.409,8,0.743,150,91.008,152,False
391,108,./instances/msp/2obj/Lyngesen24-msp-2-50|50|50-ull-3_2.json,alternating,largest,first,all,False,bbm,slow,9.39215620799223,150,103,121,103,617,617,50|50|50,21|50|50,3|50|50,3|50|50,,,,,,,,,,,0,2,0.989,6,0,2,0.974,6,0.499,210,14.767,212,False
467,146,./instances/msp/2obj/Lyngesen24-msp-2-50|50|50-ull-3_2.json,alternating,largest,none,all,False,bbm,slow,1.900744125014171,150,103,150,103,617,617,50|50|50,50|50|50,3|50|50,3|50|50,,,,,,,,,,,0,2,0.466,4,0,2,0.459,4,0.519,286,0.0,288,False
391,108,./instances/msp/2obj/Lyngesen24-msp-2-50|50|50-ull-3_2.json,alternating,largest,100,all,False,bbm,slow,135.33525708399247,150,103,121,103,617,617,50|50|50,21|50|50,3|50|50,3|50|50,,,,,,,,,,,0,2,1.426,8,0,2,1.402,8,1.116,210,266.105,212,False
391,108,./instances/msp/2obj/Lyngesen24-msp-2-50|50|50-ull-3_2.json,alternating,largest,50,all,False,bbm,slow,175.7014956670464,150,103,121,103,617,617,50|50|50,21|50|50,3|50|50,3|50|50,,,,,,,,,,,0,2,1.933,10,0,2,1.849,10,1.748,210,345.965,212,False
295,99,./instances/msp/2obj/Lyngesen24-msp-2-50|50|50-ull-3_2.json,alternating,largest,first,all,False,phase1,slow,9.187745000002906,150,103,120,103,617,617,50|50|50,20|50|50,3|50|50,3|50|50,,,,,,,,,,,0,2,0.949,6,0,2,0.934,6,0.439,192,14.658,194,False
341,115,./instances/msp/2obj/Lyngesen24-msp-2-50|50|50-ull-3_2.json,alternating,largest,none,all,False,phase1,slow,1.810914458008483,150,103,150,103,617,617,50|50|50,50|50|50,3|50|50,3|50|50,,,,,,,,,,,0,2,0.496,4,0,2,0.488,4,0.343,224,0.0,226,False
295,99,./instances/msp/2obj/Lyngesen24-msp-2-50|50|50-ull-3_2.json,alternating,largest,100,all,False,phase1,slow,9.210869750007987,150,103,120,103,617,617,50|50|50,20|50|50,3|50|50,3|50|50,,,,,,,,,,,0,2,0.919,6,0,2,0.905,6,0.436,192,14.782,194,False
295,99,./instances/msp/2obj/Lyngesen24-msp-2-50|50|50-ull-3_2.json,alternating,largest,50,all,False,phase1,slow,61.9062611249974,150,103,120,103,617,617,50|50|50,20|50|50,3|50|50,3|50|50,,,,,,,,,,,0,2,1.478,8,0,2,1.455,8,1.218,192,119.201,194,False
290,99,./instances/msp/2obj/Lyngesen24-msp-2-50|50-ul-2_1.json,alternating,largest,first,all,False,bbm,slow,1.45468962501036,100,61,100,61,173,173,50|50,50|50,11|50,11|50,,,,,,,,,,,0,2,0.448,6,0,2,0.444,6,0.429,194,0.949,196,False
290,99,./instances/msp/2obj/Lyngesen24-msp-2-50|50-ul-2_1.json,alternating,largest,none,all,False,bbm,slow,0.8803237919928506,100,61,100,61,173,173,50|50,50|50,11|50,11|50,,,,,,,,,,,0,2,0.217,4,0,2,0.216,4,0.303,194,0.0,196,False
290,99,./instances/msp/2obj/Lyngesen24-msp-2-50|50-ul-2_1.json,alternating,largest,100,all,False,bbm,slow,1.3845633750315756,100,61,100,61,173,173,50|50,50|50,11|50,11|50,,,,,,,,,,,0,2,0.412,6,0,2,0.409,6,0.355,194,0.979,196,False
272,90,./instances/msp/2obj/Lyngesen24-msp-2-50|50-ul-2_1.json,alternating,largest,50,all,False,bbm,slow,8.689014583011158,100,61,100,61,173,173,50|50,50|50,11|50,11|50,,,,,,,,,,,0,2,0.906,10,0,2,0.897,10,0.547,176,15.305,178,False
215,73,./instances/msp/2obj/Lyngesen24-msp-2-50|50-ul-2_1.json,alternating,largest,first,all,False,phase1,slow,1.255031125037931,100,61,100,61,173,173,50|50,50|50,11|50,11|50,,,,,,,,,,,0,2,0.42,6,0,2,0.417,6,0.241,142,0.936,144,False
215,73,./instances/msp/2obj/Lyngesen24-msp-2-50|50-ul-2_1.json,alternating,largest,none,all,False,phase1,slow,0.758103999949526,100,61,100,61,173,173,50|50,50|50,11|50,11|50,,,,,,,,,,,0,2,0.21,4,0,2,0.208,4,0.211,142,0.0,144,False
215,73,./instances/msp/2obj/Lyngesen24-msp-2-50|50-ul-2_1.json,alternating,largest,100,all,False,phase1,slow,1.2358749999548309,100,61,100,61,173,173,50|50,50|50,11|50,11|50,,,,,,,,,,,0,2,0.422,6,0,2,0.418,6,0.242,142,0.913,144,False
215,73,./instances/msp/2obj/Lyngesen24-msp-2-50|50-ul-2_1.json,alternating,largest,50,all,False,phase1,slow,5.008314832986798,100,61,100,61,173,173,50|50,50|50,11|50,11|50,,,,,,,,,,,0,2,0.639,8,0,2,0.632,8,0.426,142,8.226,144,False
544,195,./instances/msp/2obj/Lyngesen24-msp-2-100|100-ul-2_2.json,alternating,largest,first,all,False,bbm,slow,3.1393820000230335,200,113,200,113,333,333,100|100,100|100,13|100,13|100,,,,,,,,,,,0,2,0.469,6,0,2,0.464,6,1.416,386,2.253,388,False
544,195,./instances/msp/2obj/Lyngesen24-msp-2-100|100-ul-2_2.json,alternating,largest,none,all,False,bbm,slow,1.8200103340204805,200,113,200,113,333,333,100|100,100|100,13|100,13|100,,,,,,,,,,,0,2,0.211,4,0,2,0.209,4,1.198,386,0.0,388,False
506,176,./instances/msp/2obj/Lyngesen24-msp-2-100|100-ul-2_2.json,alternating,largest,100,all,False,bbm,slow,29.391943124996033,200,113,197,113,333,333,100|100,97|100,13|100,13|100,,,,,,,,,,,0,2,1.001,10,0,2,0.986,10,1.949,348,53.967,350,False
500,173,./instances/msp/2obj/Lyngesen24-msp-2-100|100-ul-2_2.json,alternating,largest,50,all,False,bbm,slow,33.32262641697889,200,113,193,113,333,333,100|100,93|100,13|100,13|100,,,,,,,,,,,0,2,1.231,12,0,2,1.212,12,2.208,342,61.39,344,False
389,129,./instances/msp/2obj/Lyngesen24-msp-2-100|100-ul-2_2.json,alternating,largest,first,all,False,phase1,slow,2.5637278750073165,200,113,200,113,333,333,100|100,100|100,13|100,13|100,,,,,,,,,,,0,2,0.425,6,0,2,0.42,6,0.779,254,2.266,256,False
389,129,./instances/msp/2obj/Lyngesen24-msp-2-100|100-ul-2_2.json,alternating,largest,none,all,False,phase1,slow,1.327054292021785,200,113,200,113,333,333,100|100,100|100,13|100,13|100,,,,,,,,,,,0,2,0.224,4,0,2,0.221,4,0.688,254,0.0,256,False
389,129,./instances/msp/2obj/Lyngesen24-msp-2-100|100-ul-2_2.json,alternating,largest,100,all,False,phase1,slow,16.823880875017494,200,113,200,113,333,333,100|100,100|100,13|100,13|100,,,,,,,,,,,0,2,0.696,8,0,2,0.685,8,1.162,254,30.331,256,False
389,129,./instances/msp/2obj/Lyngesen24-msp-2-100|100-ul-2_2.json,alternating,largest,50,all,False,phase1,slow,24.91692854196299,200,113,200,113,333,333,100|100,100|100,13|100,13|100,,,,,,,,,,,0,2,0.997,10,0,2,0.98,10,1.561,254,45.937,256,False
390,194,./instances/msp/2obj/Lyngesen24-msp-2-100|100-uu-2_4.json,alternating,largest,first,all,False,bbm,slow,2.015838957973756,200,200,200,200,299,299,100|100,100|100,100|100,100|100,,,,,,,,,,,0,2,0.447,6,0,2,0.447,6,1.027,384,0.207,386,False
390,194,./instances/msp/2obj/Lyngesen24-msp-2-100|100-uu-2_4.json,alternating,largest,none,all,False,bbm,slow,1.8516237909789197,200,200,200,200,299,299,100|100,100|100,100|100,100|100,,,,,,,,,,,0,2,0.206,4,0,2,0.205,4,1.048,384,0.0,386,False
390,194,./instances/msp/2obj/Lyngesen24-msp-2-100|100-uu-2_4.json,alternating,largest,100,all,False,bbm,slow,11.034006542002317,200,200,200,200,299,299,100|100,100|100,100|100,100|100,,,,,,,,,,,0,2,0.684,8,0,2,0.679,8,2.057,384,17.132,386,False
390,194,./instances/msp/2obj/Lyngesen24-msp-2-100|100-uu-2_4.json,alternating,largest,50,all,False,bbm,slow,26.552666959003545,200,200,200,200,299,299,100|100,100|100,100|100,100|100,,,,,,,,,,,0,2,1.206,12,0,2,1.194,12,2.485,384,47.497,386,False
302,102,./instances/msp/2obj/Lyngesen24-msp-2-100|100-uu-2_4.json,alternating,largest,first,all,False,phase1,slow,1.3797491250443272,200,200,200,200,299,299,100|100,100|100,100|100,100|100,,,,,,,,,,,0,2,0.397,6,0,2,0.396,6,0.381,200,0.197,202,False
302,102,./instances/msp/2obj/Lyngesen24-msp-2-100|100-uu-2_4.json,alternating,largest,none,all,False,phase1,slow,1.269847082963679,200,200,200,200,299,299,100|100,100|100,100|100,100|100,,,,,,,,,,,0,2,0.2,4,0,2,0.2,4,0.418,200,0.0,202,False
302,102,./instances/msp/2obj/Lyngesen24-msp-2-100|100-uu-2_4.json,alternating,largest,100,all,False,phase1,slow,14.494447041011881,200,200,200,200,299,299,100|100,100|100,100|100,100|100,,,,,,,,,,,0,2,0.621,8,0,2,0.615,8,0.436,200,26.476,202,False
302,102,./instances/msp/2obj/Lyngesen24-msp-2-100|100-uu-2_4.json,alternating,largest,50,all,False,phase1,slow,19.756056333018932,200,200,200,200,299,299,100|100,100|100,100|100,100|100,,,,,,,,,,,0,2,0.898,10,0,2,0.888,10,0.785,200,36.392,202,False
295,146,./instances/msp/2obj/Lyngesen24-msp-2-50|50|50-uuu-3_1.json,alternating,largest,first,all,False,bbm,slow,2.1916202080319636,150,150,150,150,475,475,50|50|50,50|50|50,50|50|50,50|50|50,,,,,,,,,,,0,2,0.842,6,0,2,0.841,6,0.393,286,0.398,288,False
295,146,./instances/msp/2obj/Lyngesen24-msp-2-50|50|50-uuu-3_1.json,alternating,largest,none,all,False,bbm,slow,1.9569726669578813,150,150,150,150,475,475,50|50|50,50|50|50,50|50|50,50|50|50,,,,,,,,,,,0,2,0.408,4,0,2,0.408,4,0.387,286,0.0,288,False
295,146,./instances/msp/2obj/Lyngesen24-msp-2-50|50|50-uuu-3_1.json,alternating,largest,100,all,False,bbm,slow,49.88600079098251,150,150,150,150,475,475,50|50|50,50|50|50,50|50|50,50|50|50,,,,,,,,,,,0,2,1.316,8,0,2,1.31,8,1.311,286,94.069,288,False
295,146,./instances/msp/2obj/Lyngesen24-msp-2-50|50|50-uuu-3_1.json,alternating,largest,50,all,False,bbm,slow,63.79557408305118,150,150,150,150,475,475,50|50|50,50|50|50,50|50|50,50|50|50,,,,,,,,,,,0,2,1.823,10,0,2,1.814,10,1.894,286,121.567,288,False
228,78,./instances/msp/2obj/Lyngesen24-msp-2-50|50|50-uuu-3_1.json,alternating,largest,first,all,False,phase1,slow,2.255736708990298,150,150,150,150,475,475,50|50|50,50|50|50,50|50|50,50|50|50,,,,,,,,,,,0,2,0.822,6,0,2,0.821,6,0.21,150,0.416,152,False
228,78,./instances/msp/2obj/Lyngesen24-msp-2-50|50|50-uuu-3_1.json,alternating,largest,none,all,False,phase1,slow,1.7918081670068204,150,150,150,150,475,475,50|50|50,50|50|50,50|50|50,50|50|50,,,,,,,,,,,0,2,0.414,4,0,2,0.413,4,0.158,150,0.0,152,False
228,78,./instances/msp/2obj/Lyngesen24-msp-2-50|50|50-uuu-3_1.json,alternating,largest,100,all,False,phase1,slow,1.972508916980587,150,150,150,150,475,475,50|50|50,50|50|50,50|50|50,50|50|50,,,,,,,,,,,0,2,0.83,6,0,2,0.83,6,0.169,150,0.418,152,False
228,78,./instances/msp/2obj/Lyngesen24-msp-2-50|50|50-uuu-3_1.json,alternating,largest,50,all,False,phase1,slow,45.40176499995869,150,150,150,150,475,475,50|50|50,50|50|50,50|50|50,50|50|50,,,,,,,,,,,0,2,1.392,8,0,2,1.384,8,0.681,150,86.503,152,False
483,225,test,alternating,largest,first,all,False,bbm,slow,3.4262649579904974,262,150,262,127,1171,1171,90|86|86,90|86|86,60|40|27,60|45|45,,,,,,,,,,,0,2,0.866,6,0,2,0.864,6,1.147,444,0.706,446,False
483,225,test,alternating,largest,none,all,False,bbm,slow,2.9784667910425924,262,150,262,127,1171,1171,90|86|86,90|86|86,60|40|27,60|45|45,,,,,,,,,,,0,2,0.41,4,0,2,0.409,4,1.027,444,0.0,446,False
409,188,test,alternating,largest,100,all,False,bbm,slow,373.6099194580456,262,150,239,127,1171,1171,90|86|86,85|77|77,60|40|27,60|45|45,,,,,,,,,,,0,2,1.945,10,0,2,1.914,10,3.696,370,737.804,372,False
409,188,test,alternating,largest,50,all,False,bbm,slow,579.8773275410058,262,150,239,127,1171,1171,90|86|86,85|77|77,60|40|27,60|45|45,,,,,,,,,,,0,2,3.539,14,0,2,3.489,14,5.108,370,1148.389,372,False
463,149,test,alternating,largest,first,all,False,phase1,slow,2.9759737919666804,262,150,262,127,1171,1171,90|86|86,90|86|86,60|40|27,60|45|45,,,,,,,,,,,0,2,0.854,6,0,2,0.852,6,0.741,292,0.69,294,False
463,149,test,alternating,largest,none,all,False,phase1,slow,2.4555497080436908,262,150,262,127,1171,1171,90|86|86,90|86|86,60|40|27,60|45|45,,,,,,,,,,,0,2,0.395,4,0,2,0.394,4,0.623,292,0.0,294,False
444,130,test,alternating,largest,100,all,False,phase1,slow,242.35279387503397,262,150,259,127,1171,1171,90|86|86,89|85|85,60|40|27,60|45|45,,,,,,,,,,,0,2,1.443,8,0,2,1.422,8,1.911,254,477.781,256,False
412,118,test,alternating,largest,50,all,False,phase1,slow,452.39979845803464,262,150,237,127,1171,1171,90|86|86,89|74|74,60|40|27,60|45|45,,,,,,,,,,,0,2,1.878,10,0,2,1.839,10,2.394,230,897.459,232,False
403,112,./instances/msp/2obj/Lyngesen24-msp-2-50|50|50-ull-3_1.json,alternating,largest,first,all,False,bbm,slow,10.615757625026163,150,103,122,103,659,659,50|50|50,22|50|50,3|50|50,3|50|50,,,,,,,,,,,0,2,0.927,6,0,2,0.91,6,0.551,218,17.279,220,False
475,148,./instances/msp/2obj/Lyngesen24-msp-2-50|50|50-ull-3_1.json,alternating,largest,none,all,False,bbm,slow,1.97225733299274,150,103,150,103,659,659,50|50|50,50|50|50,3|50|50,3|50|50,,,,,,,,,,,0,2,0.457,4,0,2,0.448,4,0.553,290,0.0,292,False
403,112,./instances/msp/2obj/Lyngesen24-msp-2-50|50|50-ull-3_1.json,alternating,largest,100,all,False,bbm,slow,153.85343187500257,150,103,122,103,659,659,50|50|50,22|50|50,3|50|50,3|50|50,,,,,,,,,,,0,2,1.452,8,0,2,1.424,8,1.073,218,303.197,220,False
403,112,./instances/msp/2obj/Lyngesen24-msp-2-50|50|50-ull-3_1.json,alternating,largest,50,all,False,bbm,slow,198.5994217079715,150,103,122,103,659,659,50|50|50,22|50|50,3|50|50,3|50|50,,,,,,,,,,,0,2,1.932,10,0,2,1.896,10,1.842,218,391.568,220,False
304,102,./instances/msp/2obj/Lyngesen24-msp-2-50|50|50-ull-3_1.json,alternating,largest,first,all,False,phase1,slow,10.798479499993846,150,103,122,103,659,659,50|50|50,22|50|50,3|50|50,3|50|50,,,,,,,,,,,0,2,0.982,6,0,2,0.966,6,0.414,198,17.652,200,False
347,117,./instances/msp/2obj/Lyngesen24-msp-2-50|50|50-ull-3_1.json,alternating,largest,none,all,False,phase1,slow,2.1383767499937676,150,103,150,103,659,659,50|50|50,50|50|50,3|50|50,3|50|50,,,,,,,,,,,0,2,0.482,4,0,2,0.473,4,0.354,228,0.0,230,False
304,102,./instances/msp/2obj/Lyngesen24-msp-2-50|50|50-ull-3_1.json,alternating,largest,100,all,False,phase1,slow,202.43681554100476,150,103,122,103,659,659,50|50|50,22|50|50,3|50|50,3|50|50,,,,,,,,,,,0,2,1.409,8,0,2,1.381,8,0.502,198,401.008,200,False
304,102,./instances/msp/2obj/Lyngesen24-msp-2-50|50|50-ull-3_1.json,alternating,largest,50,all,False,phase1,slow,271.9033874159795,150,103,122,103,659,659,50|50|50,22|50|50,3|50|50,3|50|50,,,,,,,,,,,0,2,2.127,10,0,2,2.089,10,1.196,198,538.988,200,False
284,97,./instances/msp/2obj/Lyngesen24-msp-2-50|50-ul-2_2.json,alternating,largest,first,all,False,bbm,slow,1.4896708329906687,100,66,100,66,245,245,50|50,50|50,16|50,16|50,,,,,,,,,,,0,2,0.518,6,0,2,0.514,6,0.354,190,0.929,192,False
284,97,./instances/msp/2obj/Lyngesen24-msp-2-50|50-ul-2_2.json,alternating,largest,none,all,False,bbm,slow,0.9348947079852223,100,66,100,66,245,245,50|50,50|50,16|50,16|50,,,,,,,,,,,0,2,0.231,4,0,2,0.229,4,0.3,190,0.0,192,False
284,97,./instances/msp/2obj/Lyngesen24-msp-2-50|50-ul-2_2.json,alternating,largest,100,all,False,bbm,slow,1.4226407500100322,100,66,100,66,245,245,50|50,50|50,16|50,16|50,,,,,,,,,,,0,2,0.447,6,0,2,0.444,6,0.354,190,0.922,192,False
270,90,./instances/msp/2obj/Lyngesen24-msp-2-50|50-ul-2_2.json,alternating,largest,50,all,False,bbm,slow,11.62823762500193,100,66,100,66,245,245,50|50,50|50,16|50,16|50,,,,,,,,,,,0,2,0.927,10,0,2,0.916,10,0.508,176,21.108,178,False
211,71,./instances/msp/2obj/Lyngesen24-msp-2-50|50-ul-2_2.json,alternating,largest,first,all,False,phase1,slow,1.2771072079776786,100,66,100,66,245,245,50|50,50|50,16|50,16|50,,,,,,,,,,,0,2,0.444,6,0,2,0.44,6,0.231,138,0.895,140,False
211,71,./instances/msp/2obj/Lyngesen24-msp-2-50|50-ul-2_2.json,alternating,largest,none,all,False,phase1,slow,0.8164483329746872,100,66,100,66,245,245,50|50,50|50,16|50,16|50,,,,,,,,,,,0,2,0.223,4,0,2,0.221,4,0.201,138,0.0,140,False
211,71,./instances/msp/2obj/Lyngesen24-msp-2-50|50-ul-2_2.json,alternating,largest,100,all,False,phase1,slow,1.2810807079658844,100,66,100,66,245,245,50|50,50|50,16|50,16|50,,,,,,,,,,,0,2,0.441,6,0,2,0.438,6,0.231,138,0.921,140,False
211,71,./instances/msp/2obj/Lyngesen24-msp-2-50|50-ul-2_2.json,alternating,largest,50,all,False,phase1,slow,6.5626342500327155,100,66,100,66,245,245,50|50,50|50,16|50,16|50,,,,,,,,,,,0,2,0.7,8,0,2,0.693,8,0.37,138,11.296,140,False
333,148,./instances/msp/2obj/Lyngesen24-msp-2-50|50|50-mmm-3_5.json,alternating,largest,first,all,False,bbm,slow,2.7743224590085447,150,77,150,77,664,664,50|50|50,50|50|50,30|30|17,30|30|17,,,,,,,,,,,0,2,0.952,6,0,2,0.947,6,0.452,290,1.239,292,False
333,148,./instances/msp/2obj/Lyngesen24-msp-2-50|50|50-mmm-3_5.json,alternating,largest,none,all,False,bbm,slow,1.9802459999918938,150,77,150,77,664,664,50|50|50,50|50|50,30|30|17,30|30|17,,,,,,,,,,,0,2,0.445,4,0,2,0.443,4,0.413,290,0.0,292,False
311,137,./instances/msp/2obj/Lyngesen24-msp-2-50|50|50-mmm-3_5.json,alternating,largest,100,all,False,bbm,slow,160.13134337501833,150,77,148,77,664,664,50|50|50,49|50|49,30|30|17,30|30|17,,,,,,,,,,,0,2,1.929,8,0,2,1.911,8,1.374,268,314.751,270,False
309,136,./instances/msp/2obj/Lyngesen24-msp-2-50|50|50-mmm-3_5.json,alternating,largest,50,all,False,bbm,slow,415.043686500052,150,77,147,77,664,664,50|50|50,49|50|48,30|30|17,30|30|17,,,,,,,,,,,0,2,2.628,12,0,2,2.593,12,1.701,266,824.404,268,False
290,98,./instances/msp/2obj/Lyngesen24-msp-2-50|50|50-mmm-3_5.json,alternating,largest,first,all,False,phase1,slow,2.4010044579626992,150,77,150,77,664,664,50|50|50,50|50|50,30|30|17,30|30|17,,,,,,,,,,,0,2,0.848,6,0,2,0.844,6,0.289,190,1.216,192,False
290,98,./instances/msp/2obj/Lyngesen24-msp-2-50|50|50-mmm-3_5.json,alternating,largest,none,all,False,phase1,slow,1.7927694160025567,150,77,150,77,664,664,50|50|50,50|50|50,30|30|17,30|30|17,,,,,,,,,,,0,2,0.425,4,0,2,0.423,4,0.262,190,0.0,192,False
290,98,./instances/msp/2obj/Lyngesen24-msp-2-50|50|50-mmm-3_5.json,alternating,largest,100,all,False,phase1,slow,2.4355681250453927,150,77,150,77,664,664,50|50|50,50|50|50,30|30|17,30|30|17,,,,,,,,,,,0,2,0.863,6,0,2,0.859,6,0.368,190,1.236,192,False
267,77,./instances/msp/2obj/Lyngesen24-msp-2-50|50|50-mmm-3_5.json,alternating,largest,50,all,False,phase1,slow,141.70018320798408,150,77,147,77,664,664,50|50|50,48|50|49,30|30|17,30|30|17,,,,,,,,,,,0,2,1.514,8,0,2,1.419,8,0.885,148,278.796,150,False
198,98,./instances/msp/2obj/Lyngesen24-msp-2-50|50-uu-2_4.json,alternating,largest,first,all,False,bbm,slow,1.0017415000475012,100,100,100,100,203,203,50|50,50|50,50|50,50|50,,,,,,,,,,,0,2,0.43,6,0,2,0.429,6,0.259,192,0.206,194,False
198,98,./instances/msp/2obj/Lyngesen24-msp-2-50|50-uu-2_4.json,alternating,largest,none,all,False,bbm,slow,0.9505390420090407,100,100,100,100,203,203,50|50,50|50,50|50,50|50,,,,,,,,,,,0,2,0.214,4,0,2,0.214,4,0.261,192,0.0,194,False
198,98,./instances/msp/2obj/Lyngesen24-msp-2-50|50-uu-2_4.json,alternating,largest,100,all,False,bbm,slow,1.0027572920080274,100,100,100,100,203,203,50|50,50|50,50|50,50|50,,,,,,,,,,,0,2,0.428,6,0,2,0.427,6,0.263,192,0.215,194,False
198,98,./instances/msp/2obj/Lyngesen24-msp-2-50|50-uu-2_4.json,alternating,largest,50,all,False,bbm,slow,3.4451256250031292,100,100,100,100,203,203,50|50,50|50,50|50,50|50,,,,,,,,,,,0,2,0.675,8,0,2,0.672,8,0.489,192,4.701,194,False
152,52,./instances/msp/2obj/Lyngesen24-msp-2-50|50-uu-2_4.json,alternating,largest,first,all,False,phase1,slow,0.8658938329899684,100,100,100,100,203,203,50|50,50|50,50|50,50|50,,,,,,,,,,,0,2,0.433,6,0,2,0.433,6,0.109,100,0.22,102,False
152,52,./instances/msp/2obj/Lyngesen24-msp-2-50|50-uu-2_4.json,alternating,largest,none,all,False,phase1,slow,0.7423836670350283,100,100,100,100,203,203,50|50,50|50,50|50,50|50,,,,,,,,,,,0,2,0.214,4,0,2,0.214,4,0.105,100,0.0,102,False
152,52,./instances/msp/2obj/Lyngesen24-msp-2-50|50-uu-2_4.json,alternating,largest,100,all,False,phase1,slow,0.8447685830178671,100,100,100,100,203,203,50|50,50|50,50|50,50|50,,,,,,,,,,,0,2,0.417,6,0,2,0.416,6,0.108,100,0.207,102,False
152,52,./instances/msp/2obj/Lyngesen24-msp-2-50|50-uu-2_4.json,alternating,largest,50,all,False,phase1,slow,5.460278292011935,100,100,100,100,203,203,50|50,50|50,50|50,50|50,,,,,,,,,,,0,2,0.648,8,0,2,0.644,8,0.108,100,9.405,102,False
641,295,./instances/msp/2obj/Lyngesen24-msp-2-100|100|100-mmm-3_4.json,alternating,largest,first,all,False,bbm,slow,6.587272625009064,300,144,300,144,1930,1930,100|100|100,100|100|100,47|53|44,47|53|44,,,,,,,,,,,0,2,0.969,6,0,2,0.959,6,1.895,584,3.289,586,False
641,295,./instances/msp/2obj/Lyngesen24-msp-2-100|100|100-mmm-3_4.json,alternating,largest,none,all,False,bbm,slow,4.726721457962412,300,144,300,144,1930,1930,100|100|100,100|100|100,47|53|44,47|53|44,,,,,,,,,,,0,2,0.435,4,0,2,0.431,4,1.741,584,0.0,586,False
599,274,./instances/msp/2obj/Lyngesen24-msp-2-100|100|100-mmm-3_4.json,alternating,largest,100,all,False,bbm,slow,1619.186737083015,300,144,297,144,1930,1930,100|100|100,97|100|100,47|53|44,47|53|44,,,,,,,,,,,0,2,2.4,10,0,2,2.338,10,9.903,542,3217.374,544,False
591,270,./instances/msp/2obj/Lyngesen24-msp-2-100|100|100-mmm-3_4.json,alternating,largest,50,all,False,bbm,slow,4012.6217899579788,300,144,297,144,1930,1930,100|100|100,97|100|100,47|53|44,47|53|44,,,,,,,,,,,0,2,5.115,16,0,2,4.898,16,13.861,534,7998.864,536,False
555,187,./instances/msp/2obj/Lyngesen24-msp-2-100|100|100-mmm-3_4.json,alternating,largest,first,all,False,phase1,slow,6.0452320000040345,300,144,300,144,1930,1930,100|100|100,100|100|100,47|53|44,47|53|44,,,,,,,,,,,0,2,1.192,6,0,2,1.183,6,1.133,368,3.283,370,False
555,187,./instances/msp/2obj/Lyngesen24-msp-2-100|100|100-mmm-3_4.json,alternating,largest,none,all,False,phase1,slow,4.281065542018041,300,144,300,144,1930,1930,100|100|100,100|100|100,47|53|44,47|53|44,,,,,,,,,,,0,2,0.565,4,0,2,0.56,4,0.997,368,0.0,370,False
518,152,./instances/msp/2obj/Lyngesen24-msp-2-100|100|100-mmm-3_4.json,alternating,largest,100,all,False,phase1,slow,2717.1030475000152,300,144,292,144,1930,1930,100|100|100,97|100|95,47|53|44,47|53|44,,,,,,,,,,,0,2,2.698,10,0,2,2.628,10,4.867,298,5419.674,300,False
504,144,./instances/msp/2obj/Lyngesen24-msp-2-100|100|100-mmm-3_4.json,alternating,largest,50,all,False,phase1,slow,1577.9347744170227,300,144,285,144,1930,1930,100|100|100,95|100|90,47|53|44,47|53|44,,,,,,,,,,,0,2,2.767,10,0,2,2.699,10,6.565,282,3139.385,284,False
420,198,./instances/msp/2obj/Lyngesen24-msp-2-100|100-mm-2_1.json,alternating,largest,first,all,False,bbm,slow,2.2222530000144616,200,126,200,126,700,700,100|100,100|100,64|62,64|62,,,,,,,,,,,0,2,0.501,6,0,2,0.499,6,1.206,392,0.316,394,False
420,198,./instances/msp/2obj/Lyngesen24-msp-2-100|100-mm-2_1.json,alternating,largest,none,all,False,bbm,slow,1.9960896669654176,200,126,200,126,700,700,100|100,100|100,64|62,64|62,,,,,,,,,,,0,2,0.272,4,0,2,0.271,4,1.131,392,0.0,394,False
392,184,./instances/msp/2obj/Lyngesen24-msp-2-100|100-mm-2_1.json,alternating,largest,100,all,False,bbm,slow,64.9550942920032,200,126,198,126,700,700,100|100,99|99,64|62,64|62,,,,,,,,,,,0,2,1.147,10,0,2,1.122,10,1.958,364,124.45,366,False
386,181,./instances/msp/2obj/Lyngesen24-msp-2-100|100-mm-2_1.json,alternating,largest,50,all,False,bbm,slow,74.63079554203432,200,126,197,126,700,700,100|100,99|98,64|62,64|62,,,,,,,,,,,0,2,1.411,12,0,2,1.379,12,2.629,358,143.13,360,False
367,123,./instances/msp/2obj/Lyngesen24-msp-2-100|100-mm-2_1.json,alternating,largest,first,all,False,phase1,slow,1.654336792009417,200,126,200,126,700,700,100|100,100|100,64|62,64|62,,,,,,,,,,,0,2,0.477,6,0,2,0.475,6,0.704,242,0.32,244,False
367,123,./instances/msp/2obj/Lyngesen24-msp-2-100|100-mm-2_1.json,alternating,largest,none,all,False,phase1,slow,1.4723317500320263,200,126,200,126,700,700,100|100,100|100,64|62,64|62,,,,,,,,,,,0,2,0.239,4,0,2,0.238,4,0.688,242,0.0,244,False
358,114,./instances/msp/2obj/Lyngesen24-msp-2-100|100-mm-2_1.json,alternating,largest,100,all,False,phase1,slow,34.7174785839743,200,126,200,126,700,700,100|100,100|100,64|62,64|62,,,,,,,,,,,0,2,0.778,8,0,2,0.765,8,0.848,224,65.737,226,False
350,106,./instances/msp/2obj/Lyngesen24-msp-2-100|100-mm-2_1.json,alternating,largest,50,all,False,phase1,slow,21.643966709030792,200,126,196,126,700,700,100|100,99|97,64|62,64|62,,,,,,,,,,,0,2,0.759,8,0,2,0.747,8,1.025,208,39.677,210,False
228,99,./instances/msp/2obj/Lyngesen24-msp-2-50|50-mm-2_2.json,alternating,largest,first,all,False,bbm,slow,1.1695059580379166,100,75,100,75,281,281,50|50,50|50,39|36,39|36,,,,,,,,,,,0,2,0.486,6,0,2,0.483,6,0.3,194,0.368,196,False
228,99,./instances/msp/2obj/Lyngesen24-msp-2-50|50-mm-2_2.json,alternating,largest,none,all,False,bbm,slow,0.9235935000469908,100,75,100,75,281,281,50|50,50|50,39|36,39|36,,,,,,,,,,,0,2,0.232,4,0,2,0.23,4,0.282,194,0.0,196,False
228,99,./instances/msp/2obj/Lyngesen24-msp-2-50|50-mm-2_2.json,alternating,largest,100,all,False,bbm,slow,1.110118041979149,100,75,100,75,281,281,50|50,50|50,39|36,39|36,,,,,,,,,,,0,2,0.436,6,0,2,0.434,6,0.299,194,0.36,196,False
226,98,./instances/msp/2obj/Lyngesen24-msp-2-50|50-mm-2_2.json,alternating,largest,50,all,False,bbm,slow,6.995023957977537,100,75,100,75,281,281,50|50,50|50,39|36,39|36,,,,,,,,,,,0,2,0.696,8,0,2,0.689,8,0.487,192,11.905,194,False
190,64,./instances/msp/2obj/Lyngesen24-msp-2-50|50-mm-2_2.json,alternating,largest,first,all,False,phase1,slow,0.9889775410410948,100,75,100,75,281,281,50|50,50|50,39|36,39|36,,,,,,,,,,,0,2,0.442,6,0,2,0.44,6,0.181,124,0.364,126,False
190,64,./instances/msp/2obj/Lyngesen24-msp-2-50|50-mm-2_2.json,alternating,largest,none,all,False,phase1,slow,0.7788932080147788,100,75,100,75,281,281,50|50,50|50,39|36,39|36,,,,,,,,,,,0,2,0.217,4,0,2,0.216,4,0.169,124,0.0,126,False
190,64,./instances/msp/2obj/Lyngesen24-msp-2-50|50-mm-2_2.json,alternating,largest,100,all,False,phase1,slow,0.9770386249874718,100,75,100,75,281,281,50|50,50|50,39|36,39|36,,,,,,,,,,,0,2,0.432,6,0,2,0.429,6,0.188,124,0.366,126,False
189,63,./instances/msp/2obj/Lyngesen24-msp-2-50|50-mm-2_2.json,alternating,largest,50,all,False,phase1,slow,7.516367583011743,100,75,100,75,281,281,50|50,50|50,39|36,39|36,,,,,,,,,,,0,2,0.668,8,0,2,0.661,8,0.249,122,13.348,124,False
222,99,./instances/msp/2obj/Lyngesen24-msp-2-50|50-mm-2_3.json,alternating,largest,first,all,False,bbm,slow,1.124676541017834,100,71,100,71,300,300,50|50,50|50,32|39,32|39,,,,,,,,,,,0,2,0.475,6,0,2,0.473,6,0.291,194,0.308,196,False
222,99,./instances/msp/2obj/Lyngesen24-msp-2-50|50-mm-2_3.json,alternating,largest,none,all,False,bbm,slow,0.8741123750223778,100,71,100,71,300,300,50|50,50|50,32|39,32|39,,,,,,,,,,,0,2,0.211,4,0,2,0.21,4,0.275,194,0.0,196,False
222,99,./instances/msp/2obj/Lyngesen24-msp-2-50|50-mm-2_3.json,alternating,largest,100,all,False,bbm,slow,1.0353379999869503,100,71,100,71,300,300,50|50,50|50,32|39,32|39,,,,,,,,,,,0,2,0.418,6,0,2,0.416,6,0.29,194,0.301,196,False
214,95,./instances/msp/2obj/Lyngesen24-msp-2-50|50-mm-2_3.json,alternating,largest,50,all,False,bbm,slow,14.744585417036433,100,71,100,71,300,300,50|50,50|50,32|39,32|39,,,,,,,,,,,0,2,0.965,10,0,2,0.952,10,0.547,186,27.334,188,False
191,65,./instances/msp/2obj/Lyngesen24-msp-2-50|50-mm-2_3.json,alternating,largest,first,all,False,phase1,slow,0.9630704169976525,100,71,100,71,300,300,50|50,50|50,32|39,32|39,,,,,,,,,,,0,2,0.441,6,0,2,0.439,6,0.182,126,0.314,128,False
191,65,./instances/msp/2obj/Lyngesen24-msp-2-50|50-mm-2_3.json,alternating,largest,none,all,False,phase1,slow,0.7931725420057774,100,71,100,71,300,300,50|50,50|50,32|39,32|39,,,,,,,,,,,0,2,0.222,4,0,2,0.221,4,0.172,126,0.0,128,False
191,65,./instances/msp/2obj/Lyngesen24-msp-2-50|50-mm-2_3.json,alternating,largest,100,all,False,phase1,slow,0.9675140409963205,100,71,100,71,300,300,50|50,50|50,32|39,32|39,,,,,,,,,,,0,2,0.457,6,0,2,0.455,6,0.182,126,0.32,128,False
187,61,./instances/msp/2obj/Lyngesen24-msp-2-50|50-mm-2_3.json,alternating,largest,50,all,False,phase1,slow,7.727835540950764,100,71,100,71,300,300,50|50,50|50,32|39,32|39,,,,,,,,,,,0,2,0.691,8,0,2,0.683,8,0.229,118,13.772,120,False
589,293,./instances/msp/2obj/Lyngesen24-msp-2-100|100|100-uuu-3_1.json,alternating,largest,first,all,False,bbm,slow,4.545778875006363,300,247,300,247,738,738,100|100|100,100|100|100,100|61|86,100|61|86,,,,,,,,,,,0,2,0.952,6,0,2,0.951,6,1.626,580,0.448,582,False
589,293,./instances/msp/2obj/Lyngesen24-msp-2-100|100|100-uuu-3_1.json,alternating,largest,none,all,False,bbm,slow,4.105397334031295,300,247,300,247,738,738,100|100|100,100|100|100,100|61|86,100|61|86,,,,,,,,,,,0,2,0.441,4,0,2,0.441,4,1.587,580,0.0,582,False
577,287,./instances/msp/2obj/Lyngesen24-msp-2-100|100|100-uuu-3_1.json,alternating,largest,100,all,False,bbm,slow,294.3260388749768,300,247,299,247,738,738,100|100|100,100|99|100,100|61|86,100|61|86,,,,,,,,,,,0,2,2.105,10,0,2,2.083,10,10.161,568,569.007,570,False
577,287,./instances/msp/2obj/Lyngesen24-msp-2-100|100|100-uuu-3_1.json,alternating,largest,50,all,False,bbm,slow,700.0799958330463,300,247,299,247,738,738,100|100|100,100|99|100,100|61|86,100|61|86,,,,,,,,,,,0,2,3.852,16,0,2,3.804,16,11.811,568,1378.654,570,False
456,154,./instances/msp/2obj/Lyngesen24-msp-2-100|100|100-uuu-3_1.json,alternating,largest,first,all,False,phase1,slow,3.456242416985333,300,247,300,247,738,738,100|100|100,100|100|100,100|61|86,100|61|86,,,,,,,,,,,0,2,0.845,6,0,2,0.844,6,0.598,302,0.435,304,False
456,154,./instances/msp/2obj/Lyngesen24-msp-2-100|100|100-uuu-3_1.json,alternating,largest,none,all,False,phase1,slow,3.215573041990865,300,247,300,247,738,738,100|100|100,100|100|100,100|61|86,100|61|86,,,,,,,,,,,0,2,0.422,4,0,2,0.421,4,0.582,302,0.0,304,False
455,153,./instances/msp/2obj/Lyngesen24-msp-2-100|100|100-uuu-3_1.json,alternating,largest,100,all,False,phase1,slow,135.2803153329878,300,247,300,247,738,738,100|100|100,100|100|100,100|61|86,100|61|86,,,,,,,,,,,0,2,1.424,8,0,2,1.413,8,2.67,300,261.407,302,False
455,153,./instances/msp/2obj/Lyngesen24-msp-2-100|100|100-uuu-3_1.json,alternating,largest,50,all,False,phase1,slow,419.7118765839841,300,247,300,247,738,738,100|100|100,100|100|100,100|61|86,100|61|86,,,,,,,,,,,0,2,2.637,12,0,2,2.52,12,3.561,300,829.005,302,False
735,208,./instances/msp/2obj/Lyngesen24-msp-2-100|100|100-ull-3_1.json,alternating,largest,first,all,False,bbm,slow,31.978368790994864,300,203,228,203,1428,1428,100|100|100,28|100|100,3|100|100,3|100|100,,,,,,,,,,,0,2,0.912,6,0,2,0.882,6,1.824,410,56.341,412,False
901,291,./instances/msp/2obj/Lyngesen24-msp-2-100|100|100-ull-3_1.json,alternating,largest,none,all,False,bbm,slow,3.9280261249514297,300,203,300,203,1428,1428,100|100|100,100|100|100,3|100|100,3|100|100,,,,,,,,,,,0,2,0.413,4,0,2,0.398,4,1.978,576,0.0,578,False
735,208,./instances/msp/2obj/Lyngesen24-msp-2-100|100|100-ull-3_1.json,alternating,largest,100,all,False,bbm,slow,1012.8702616670053,300,203,228,203,1428,1428,100|100|100,28|100|100,3|100|100,3|100|100,,,,,,,,,,,0,2,1.836,10,0,2,1.764,10,5.45,410,2013.062,412,False
735,208,./instances/msp/2obj/Lyngesen24-msp-2-100|100|100-ull-3_1.json,alternating,largest,50,all,False,bbm,slow,1569.1649091669824,300,203,228,203,1428,1428,100|100|100,28|100|100,3|100|100,3|100|100,,,,,,,,,,,0,2,3.947,14,0,2,3.839,14,6.517,410,3123.712,412,False
542,178,./instances/msp/2obj/Lyngesen24-msp-2-100|100|100-ull-3_1.json,alternating,largest,first,all,False,phase1,slow,31.981989833991975,300,203,226,203,1428,1428,100|100|100,26|100|100,3|100|100,3|100|100,,,,,,,,,,,0,2,1.208,6,0,2,1.177,6,1.37,350,56.594,352,False
657,217,./instances/msp/2obj/Lyngesen24-msp-2-100|100|100-ull-3_1.json,alternating,largest,none,all,False,phase1,slow,3.825856333016418,300,203,300,203,1428,1428,100|100|100,100|100|100,3|100|100,3|100|100,,,,,,,,,,,0,2,0.54,4,0,2,0.525,4,1.27,428,0.0,430,False
542,178,./instances/msp/2obj/Lyngesen24-msp-2-100|100|100-ull-3_1.json,alternating,largest,100,all,False,phase1,slow,398.8658492920222,300,203,226,203,1428,1428,100|100|100,26|100|100,3|100|100,3|100|100,,,,,,,,,,,0,2,1.831,8,0,2,1.78,8,3.906,350,787.297,352,False
542,178,./instances/msp/2obj/Lyngesen24-msp-2-100|100|100-ull-3_1.json,alternating,largest,50,all,False,phase1,slow,1202.735676665965,300,203,226,203,1428,1428,100|100|100,26|100|100,3|100|100,3|100|100,,,,,,,,,,,0,2,2.892,12,0,2,2.802,12,4.598,350,2394.083,352,False
639,296,./instances/msp/2obj/Lyngesen24-msp-2-100|100|100-mmm-3_5.json,alternating,largest,first,all,False,bbm,slow,6.411576749989763,300,147,300,147,1926,1926,100|100|100,100|100|100,54|44|49,54|44|49,,,,,,,,,,,0,2,1.09,6,0,2,1.083,6,1.831,586,2.336,588,False
639,296,./instances/msp/2obj/Lyngesen24-msp-2-100|100|100-mmm-3_5.json,alternating,largest,none,all,False,bbm,slow,5.010731791961007,300,147,300,147,1926,1926,100|100|100,100|100|100,54|44|49,54|44|49,,,,,,,,,,,0,2,0.537,4,0,2,0.533,4,1.781,586,0.0,588,False
579,266,./instances/msp/2obj/Lyngesen24-msp-2-100|100|100-mmm-3_5.json,alternating,largest,100,all,False,bbm,slow,3287.8428314159974,300,147,295,147,1926,1926,100|100|100,100|97|98,54|44|49,54|44|49,,,,,,,,,,,0,2,3.846,12,0,2,3.755,12,8.335,526,6556.162,528,False
579,266,./instances/msp/2obj/Lyngesen24-msp-2-100|100|100-mmm-3_5.json,alternating,largest,50,all,False,bbm,slow,5585.780145000026,300,147,295,147,1926,1926,100|100|100,100|97|98,54|44|49,54|44|49,,,,,,,,,,,0,2,5.84,18,0,2,5.667,18,11.249,526,11148.102,528,False
562,188,./instances/msp/2obj/Lyngesen24-msp-2-100|100|100-mmm-3_5.json,alternating,largest,first,all,False,phase1,slow,5.755599458003417,300,147,300,147,1926,1926,100|100|100,100|100|100,54|44|49,54|44|49,,,,,,,,,,,0,2,1.2,6,0,2,1.193,6,1.06,370,2.352,372,False
562,188,./instances/msp/2obj/Lyngesen24-msp-2-100|100|100-mmm-3_5.json,alternating,largest,none,all,False,phase1,slow,4.398578791995533,300,147,300,147,1926,1926,100|100|100,100|100|100,54|44|49,54|44|49,,,,,,,,,,,0,2,0.552,4,0,2,0.549,4,1.009,370,0.0,372,False
531,157,./instances/msp/2obj/Lyngesen24-msp-2-100|100|100-mmm-3_5.json,alternating,largest,100,all,False,phase1,slow,2716.240636707982,300,147,293,147,1926,1926,100|100|100,99|97|97,54|44|49,54|44|49,,,,,,,,,,,0,2,2.809,10,0,2,2.742,10,4.511,308,5418.159,310,False
508,146,./instances/msp/2obj/Lyngesen24-msp-2-100|100|100-mmm-3_5.json,alternating,largest,50,all,False,phase1,slow,2797.6314958750154,300,147,277,147,1926,1926,100|100|100,95|92|90,54|44|49,54|44|49,,,,,,,,,,,0,2,3.6,12,0,2,3.503,12,6.854,286,5578.049,288,False
196,97,./instances/msp/2obj/Lyngesen24-msp-2-50|50-uu-2_5.json,alternating,largest,first,all,False,bbm,slow,1.1794854589970782,100,100,100,100,207,207,50|50,50|50,50|50,50|50,,,,,,,,,,,0,2,0.542,6,0,2,0.541,6,0.261,190,0.258,192,False
196,97,./instances/msp/2obj/Lyngesen24-msp-2-50|50-uu-2_5.json,alternating,largest,none,all,False,bbm,slow,1.0293554170057178,100,100,100,100,207,207,50|50,50|50,50|50,50|50,,,,,,,,,,,0,2,0.252,4,0,2,0.251,4,0.254,190,0.0,192,False
196,97,./instances/msp/2obj/Lyngesen24-msp-2-50|50-uu-2_5.json,alternating,largest,100,all,False,bbm,slow,1.1185933749657124,100,100,100,100,207,207,50|50,50|50,50|50,50|50,,,,,,,,,,,0,2,0.495,6,0,2,0.494,6,0.269,190,0.249,192,False
196,97,./instances/msp/2obj/Lyngesen24-msp-2-50|50-uu-2_5.json,alternating,largest,50,all,False,bbm,slow,3.3311264159856364,100,100,100,100,207,207,50|50,50|50,50|50,50|50,,,,,,,,,,,0,2,0.826,8,0,2,0.823,8,0.479,190,4.318,192,False
152,52,./instances/msp/2obj/Lyngesen24-msp-2-50|50-uu-2_5.json,alternating,largest,first,all,False,phase1,slow,0.974916250037495,100,100,100,100,207,207,50|50,50|50,50|50,50|50,,,,,,,,,,,0,2,0.489,6,0,2,0.489,6,0.108,100,0.244,102,False
152,52,./instances/msp/2obj/Lyngesen24-msp-2-50|50-uu-2_5.json,alternating,largest,none,all,False,phase1,slow,0.8461735000018962,100,100,100,100,207,207,50|50,50|50,50|50,50|50,,,,,,,,,,,0,2,0.262,4,0,2,0.261,4,0.105,100,0.0,102,False
152,52,./instances/msp/2obj/Lyngesen24-msp-2-50|50-uu-2_5.json,alternating,largest,100,all,False,phase1,slow,0.9693766249692999,100,100,100,100,207,207,50|50,50|50,50|50,50|50,,,,,,,,,,,0,2,0.498,6,0,2,0.498,6,0.108,100,0.251,102,False
152,52,./instances/msp/2obj/Lyngesen24-msp-2-50|50-uu-2_5.json,alternating,largest,50,all,False,phase1,slow,5.484575167007279,100,100,100,100,207,207,50|50,50|50,50|50,50|50,,,,,,,,,,,0,2,0.757,8,0,2,0.753,8,0.109,100,9.29,102,False
347,150,./instances/msp/2obj/Lyngesen24-msp-2-50|50|50-mmm-3_4.json,alternating,largest,first,all,False,bbm,slow,3.4017553749727085,150,84,150,84,648,648,50|50|50,50|50|50,35|16|33,35|16|33,,,,,,,,,,,0,2,1.127,6,0,2,1.121,6,0.485,294,2.082,296,False
347,150,./instances/msp/2obj/Lyngesen24-msp-2-50|50|50-mmm-3_4.json,alternating,largest,none,all,False,bbm,slow,2.1538818330154754,150,84,150,84,648,648,50|50|50,50|50|50,35|16|33,35|16|33,,,,,,,,,,,0,2,0.502,4,0,2,0.5,4,0.427,294,0.0,296,False
331,142,./instances/msp/2obj/Lyngesen24-msp-2-50|50|50-mmm-3_4.json,alternating,largest,100,all,False,bbm,slow,169.46275783301098,150,84,149,84,648,648,50|50|50,50|49|50,35|16|33,35|16|33,,,,,,,,,,,0,2,1.673,8,0,2,1.657,8,1.769,278,332.832,280,False
329,141,./instances/msp/2obj/Lyngesen24-msp-2-50|50|50-mmm-3_4.json,alternating,largest,50,all,False,bbm,slow,432.51424833299825,150,84,148,84,648,648,50|50|50,50|48|50,35|16|33,35|16|33,,,,,,,,,,,0,2,2.754,12,0,2,2.718,12,2.215,276,858.37,278,False
291,99,./instances/msp/2obj/Lyngesen24-msp-2-50|50|50-mmm-3_4.json,alternating,largest,first,all,False,phase1,slow,2.9630990420118906,150,84,150,84,648,648,50|50|50,50|50|50,35|16|33,35|16|33,,,,,,,,,,,0,2,0.952,6,0,2,0.946,6,0.302,192,1.992,194,False
291,99,./instances/msp/2obj/Lyngesen24-msp-2-50|50|50-mmm-3_4.json,alternating,largest,none,all,False,phase1,slow,1.8839143330114894,150,84,150,84,648,648,50|50|50,50|50|50,35|16|33,35|16|33,,,,,,,,,,,0,2,0.469,4,0,2,0.466,4,0.265,192,0.0,194,False
291,99,./instances/msp/2obj/Lyngesen24-msp-2-50|50|50-mmm-3_4.json,alternating,largest,100,all,False,phase1,slow,2.9173746669548564,150,84,150,84,648,648,50|50|50,50|50|50,35|16|33,35|16|33,,,,,,,,,,,0,2,0.926,6,0,2,0.92,6,0.302,192,1.985,194,False
273,81,./instances/msp/2obj/Lyngesen24-msp-2-50|50|50-mmm-3_4.json,alternating,largest,50,all,False,phase1,slow,133.72027008299483,150,84,148,84,648,648,50|50|50,49|49|50,35|16|33,35|16|33,,,,,,,,,,,0,2,1.564,8,0,2,1.548,8,1.126,156,262.18,158,False
286,100,./instances/msp/2obj/Lyngesen24-msp-2-50|50-ul-2_3.json,alternating,largest,first,all,False,bbm,slow,1.4593775409739465,100,60,100,60,151,151,50|50,50|50,10|50,10|50,,,,,,,,,,,0,2,0.489,6,0,2,0.485,6,0.45,196,0.854,198,False
286,100,./instances/msp/2obj/Lyngesen24-msp-2-50|50-ul-2_3.json,alternating,largest,none,all,False,bbm,slow,0.8989459159784019,100,60,100,60,151,151,50|50,50|50,10|50,10|50,,,,,,,,,,,0,2,0.225,4,0,2,0.223,4,0.307,196,0.0,198,False
286,100,./instances/msp/2obj/Lyngesen24-msp-2-50|50-ul-2_3.json,alternating,largest,100,all,False,bbm,slow,1.371794749982655,100,60,100,60,151,151,50|50,50|50,10|50,10|50,,,,,,,,,,,0,2,0.445,6,0,2,0.441,6,0.355,196,0.868,198,False
266,90,./instances/msp/2obj/Lyngesen24-msp-2-50|50-ul-2_3.json,alternating,largest,50,all,False,bbm,slow,8.346826291992329,100,60,97,60,151,151,50|50,47|50,10|50,10|50,,,,,,,,,,,0,2,0.975,10,0,2,0.966,10,0.572,176,14.556,178,False
209,71,./instances/msp/2obj/Lyngesen24-msp-2-50|50-ul-2_3.json,alternating,largest,first,all,False,phase1,slow,1.2785482080071233,100,60,100,60,151,151,50|50,50|50,10|50,10|50,,,,,,,,,,,0,2,0.46,6,0,2,0.456,6,0.232,138,0.883,140,False
209,71,./instances/msp/2obj/Lyngesen24-msp-2-50|50-ul-2_3.json,alternating,largest,none,all,False,phase1,slow,0.8027695409837179,100,60,100,60,151,151,50|50,50|50,10|50,10|50,,,,,,,,,,,0,2,0.229,4,0,2,0.227,4,0.201,138,0.0,140,False
209,71,./instances/msp/2obj/Lyngesen24-msp-2-50|50-ul-2_3.json,alternating,largest,100,all,False,phase1,slow,1.3036443330347538,100,60,100,60,151,151,50|50,50|50,10|50,10|50,,,,,,,,,,,0,2,0.463,6,0,2,0.458,6,0.311,138,0.877,140,False
209,71,./instances/msp/2obj/Lyngesen24-msp-2-50|50-ul-2_3.json,alternating,largest,50,all,False,phase1,slow,4.65202533302363,100,60,100,60,151,151,50|50,50|50,10|50,10|50,,,,,,,,,,,0,2,0.722,8,0,2,0.716,8,0.364,138,7.488,140,False
635,297,./instances/msp/2obj/Lyngesen24-msp-2-100|100|100-mmm-3_2.json,alternating,largest,first,all,False,bbm,slow,6.309989375004079,300,131,300,131,2344,2344,100|100|100,100|100|100,52|38|41,52|38|41,,,,,,,,,,,0,2,1.006,6,0,2,0.998,6,1.895,588,2.282,590,False
635,297,./instances/msp/2obj/Lyngesen24-msp-2-100|100|100-mmm-3_2.json,alternating,largest,none,all,False,bbm,slow,4.921201166987885,300,131,300,131,2344,2344,100|100|100,100|100|100,52|38|41,52|38|41,,,,,,,,,,,0,2,0.465,4,0,2,0.461,4,1.778,588,0.0,590,False
583,271,./instances/msp/2obj/Lyngesen24-msp-2-100|100|100-mmm-3_2.json,alternating,largest,100,all,False,bbm,slow,3984.4439253750024,300,131,299,131,2344,2344,100|100|100,100|99|100,52|38|41,52|38|41,,,,,,,,,,,0,2,3.52,12,0,2,3.233,12,10.577,536,7946.178,538,False
583,271,./instances/msp/2obj/Lyngesen24-msp-2-100|100|100-mmm-3_2.json,alternating,largest,50,all,False,bbm,slow,4949.01906958397,300,131,299,131,2344,2344,100|100|100,100|99|100,52|38|41,52|38|41,,,,,,,,,,,0,2,5.534,16,0,2,5.37,16,11.006,536,9874.45,538,False
549,185,./instances/msp/2obj/Lyngesen24-msp-2-100|100|100-mmm-3_2.json,alternating,largest,first,all,False,phase1,slow,5.711275459034368,300,131,300,131,2344,2344,100|100|100,100|100|100,52|38|41,52|38|41,,,,,,,,,,,0,2,1.258,6,0,2,1.25,6,0.963,364,2.443,366,False
549,185,./instances/msp/2obj/Lyngesen24-msp-2-100|100|100-mmm-3_2.json,alternating,largest,none,all,False,phase1,slow,4.391981209046207,300,131,300,131,2344,2344,100|100|100,100|100|100,52|38|41,52|38|41,,,,,,,,,,,0,2,0.576,4,0,2,0.572,4,0.918,364,0.0,366,False
508,148,./instances/msp/2obj/Lyngesen24-msp-2-100|100|100-mmm-3_2.json,alternating,largest,100,all,False,phase1,slow,1350.1933930839878,300,131,290,131,2344,2344,100|100|100,100|96|94,52|38|41,52|38|41,,,,,,,,,,,0,2,2.049,8,0,2,2.005,8,3.659,290,2687.218,292,False
482,136,./instances/msp/2obj/Lyngesen24-msp-2-100|100|100-mmm-3_2.json,alternating,largest,50,all,False,phase1,slow,5500.462671665999,300,131,275,131,2344,2344,100|100|100,98|90|87,52|38|41,52|38|41,,,,,,,,,,,0,2,4.407,14,0,2,4.251,14,4.936,266,10986.002,268,False
218,98,./instances/msp/2obj/Lyngesen24-msp-2-50|50-mm-2_4.json,alternating,largest,first,all,False,bbm,slow,1.3342882500146516,100,63,100,63,237,237,50|50,50|50,38|25,38|25,,,,,,,,,,,0,2,0.622,6,0,2,0.621,6,0.289,192,0.347,194,False
218,98,./instances/msp/2obj/Lyngesen24-msp-2-50|50-mm-2_4.json,alternating,largest,none,all,False,bbm,slow,1.0747012909851037,100,63,100,63,237,237,50|50,50|50,38|25,38|25,,,,,,,,,,,0,2,0.293,4,0,2,0.292,4,0.275,192,0.0,194,False
218,98,./instances/msp/2obj/Lyngesen24-msp-2-50|50-mm-2_4.json,alternating,largest,100,all,False,bbm,slow,1.25725575000979,100,63,100,63,237,237,50|50,50|50,38|25,38|25,,,,,,,,,,,0,2,0.574,6,0,2,0.573,6,0.293,192,0.34,194,False
212,95,./instances/msp/2obj/Lyngesen24-msp-2-50|50-mm-2_4.json,alternating,largest,50,all,False,bbm,slow,5.7508832910098135,100,63,99,63,237,237,50|50,50|49,38|25,38|25,,,,,,,,,,,0,2,0.911,8,0,2,0.905,8,0.496,186,9.019,188,False
193,65,./instances/msp/2obj/Lyngesen24-msp-2-50|50-mm-2_4.json,alternating,largest,first,all,False,phase1,slow,1.1805442919721827,100,63,100,63,237,237,50|50,50|50,38|25,38|25,,,,,,,,,,,0,2,0.626,6,0,2,0.624,6,0.186,126,0.379,128,False
193,65,./instances/msp/2obj/Lyngesen24-msp-2-50|50-mm-2_4.json,alternating,largest,none,all,False,phase1,slow,0.9453947080182843,100,63,100,63,237,237,50|50,50|50,38|25,38|25,,,,,,,,,,,0,2,0.287,4,0,2,0.286,4,0.174,126,0.0,128,False
193,65,./instances/msp/2obj/Lyngesen24-msp-2-50|50-mm-2_4.json,alternating,largest,100,all,False,phase1,slow,1.1207095420104451,100,63,100,63,237,237,50|50,50|50,38|25,38|25,,,,,,,,,,,0,2,0.568,6,0,2,0.566,6,0.184,126,0.34,128,False
183,55,./instances/msp/2obj/Lyngesen24-msp-2-50|50-mm-2_4.json,alternating,largest,50,all,False,phase1,slow,6.3783209579996765,100,63,100,63,237,237,50|50,50|50,38|25,38|25,,,,,,,,,,,0,2,0.88,8,0,2,0.874,8,0.162,106,10.836,108,False
274,95,./instances/msp/2obj/Lyngesen24-msp-2-50|50-ul-2_4.json,alternating,largest,first,all,False,bbm,slow,1.5810572499758564,100,63,100,63,239,239,50|50,50|50,13|50,13|50,,,,,,,,,,,0,2,0.614,6,0,2,0.611,6,0.328,186,0.887,188,False
274,95,./instances/msp/2obj/Lyngesen24-msp-2-50|50-ul-2_4.json,alternating,largest,none,all,False,bbm,slow,1.072169249993749,100,63,100,63,239,239,50|50,50|50,13|50,13|50,,,,,,,,,,,0,2,0.311,4,0,2,0.31,4,0.284,186,0.0,188,False
274,95,./instances/msp/2obj/Lyngesen24-msp-2-50|50-ul-2_4.json,alternating,largest,100,all,False,bbm,slow,1.5100354170426726,100,63,100,63,239,239,50|50,50|50,13|50,13|50,,,,,,,,,,,0,2,0.566,6,0,2,0.563,6,0.326,186,0.866,188,False
250,83,./instances/msp/2obj/Lyngesen24-msp-2-50|50-ul-2_4.json,alternating,largest,50,all,False,bbm,slow,4.49883224995574,100,63,96,63,239,239,50|50,46|50,13|50,13|50,,,,,,,,,,,0,2,0.925,8,0,2,0.919,8,0.445,162,6.613,164,False
202,68,./instances/msp/2obj/Lyngesen24-msp-2-50|50-ul-2_4.json,alternating,largest,first,all,False,phase1,slow,1.4307719999924302,100,63,100,63,239,239,50|50,50|50,13|50,13|50,,,,,,,,,,,0,2,0.575,6,0,2,0.572,6,0.21,132,0.896,134,False
202,68,./instances/msp/2obj/Lyngesen24-msp-2-50|50-ul-2_4.json,alternating,largest,none,all,False,phase1,slow,0.9574045410263352,100,63,100,63,239,239,50|50,50|50,13|50,13|50,,,,,,,,,,,0,2,0.299,4,0,2,0.297,4,0.186,132,0.0,134,False
202,68,./instances/msp/2obj/Lyngesen24-msp-2-50|50-ul-2_4.json,alternating,largest,100,all,False,phase1,slow,1.400006374984514,100,63,100,63,239,239,50|50,50|50,13|50,13|50,,,,,,,,,,,0,2,0.575,6,0,2,0.572,6,0.209,132,0.868,134,False
202,68,./instances/msp/2obj/Lyngesen24-msp-2-50|50-ul-2_4.json,alternating,largest,50,all,False,phase1,slow,6.5205509579973295,100,63,100,63,239,239,50|50,50|50,13|50,13|50,,,,,,,,,,,0,2,0.902,8,0,2,0.895,8,0.328,132,10.921,134,False
347,148,./instances/msp/2obj/Lyngesen24-msp-2-50|50|50-mmm-3_3.json,alternating,largest,first,all,False,bbm,slow,3.4722185830469243,150,94,150,94,684,684,50|50|50,50|50|50,27|30|37,27|30|37,,,,,,,,,,,0,2,1.205,6,0,2,1.2,6,0.484,290,2.039,292,False
347,148,./instances/msp/2obj/Lyngesen24-msp-2-50|50|50-mmm-3_3.json,alternating,largest,none,all,False,bbm,slow,2.3252009580028243,150,94,150,94,684,684,50|50|50,50|50|50,27|30|37,27|30|37,,,,,,,,,,,0,2,0.567,4,0,2,0.564,4,0.424,290,0.0,292,False
329,139,./instances/msp/2obj/Lyngesen24-msp-2-50|50|50-mmm-3_3.json,alternating,largest,100,all,False,bbm,slow,183.28042758302763,150,94,149,94,684,684,50|50|50,49|50|50,27|30|37,27|30|37,,,,,,,,,,,0,2,1.857,8,0,2,1.841,8,1.785,272,360.097,274,False
327,138,./instances/msp/2obj/Lyngesen24-msp-2-50|50|50-mmm-3_3.json,alternating,largest,50,all,False,bbm,slow,457.0696702080313,150,94,148,94,684,684,50|50|50,48|50|50,27|30|37,27|30|37,,,,,,,,,,,0,2,2.919,12,0,2,2.881,12,2.09,270,907.519,272,False
284,96,./instances/msp/2obj/Lyngesen24-msp-2-50|50|50-mmm-3_3.json,alternating,largest,first,all,False,phase1,slow,3.002937499957625,150,94,150,94,684,684,50|50|50,50|50|50,27|30|37,27|30|37,,,,,,,,,,,0,2,1.04,6,0,2,1.034,6,0.29,186,1.92,188,False
284,96,./instances/msp/2obj/Lyngesen24-msp-2-50|50|50-mmm-3_3.json,alternating,largest,none,all,False,phase1,slow,1.905530332995113,150,94,150,94,684,684,50|50|50,50|50|50,27|30|37,27|30|37,,,,,,,,,,,0,2,0.478,4,0,2,0.475,4,0.253,186,0.0,188,False
284,96,./instances/msp/2obj/Lyngesen24-msp-2-50|50|50-mmm-3_3.json,alternating,largest,100,all,False,phase1,slow,3.02438387501752,150,94,150,94,684,684,50|50|50,50|50|50,27|30|37,27|30|37,,,,,,,,,,,0,2,0.961,6,0,2,0.955,6,0.364,186,1.951,188,False
271,83,./instances/msp/2obj/Lyngesen24-msp-2-50|50|50-mmm-3_3.json,alternating,largest,50,all,False,phase1,slow,142.27690129203256,150,94,147,94,684,684,50|50|50,48|50|49,27|30|37,27|30|37,,,,,,,,,,,0,2,1.616,8,0,2,1.6,8,1.048,160,279.28,162,False
386,192,./instances/msp/2obj/Lyngesen24-msp-2-100|100-uu-2_1.json,alternating,largest,first,all,False,bbm,slow,2.2042554169893265,200,200,200,200,366,366,100|100,100|100,100|100,100|100,,,,,,,,,,,0,2,0.513,6,0,2,0.513,6,1.045,380,0.241,382,False
386,192,./instances/msp/2obj/Lyngesen24-msp-2-100|100-uu-2_1.json,alternating,largest,none,all,False,bbm,slow,1.9864894170314074,200,200,200,200,366,366,100|100,100|100,100|100,100|100,,,,,,,,,,,0,2,0.243,4,0,2,0.242,4,1.034,380,0.0,382,False
386,192,./instances/msp/2obj/Lyngesen24-msp-2-100|100-uu-2_1.json,alternating,largest,100,all,False,bbm,slow,13.157595333002973,200,200,200,200,366,366,100|100,100|100,100|100,100|100,,,,,,,,,,,0,2,0.78,8,0,2,0.775,8,2.09,380,20.728,382,False
386,192,./instances/msp/2obj/Lyngesen24-msp-2-100|100-uu-2_1.json,alternating,largest,50,all,False,bbm,slow,32.81755783298286,200,200,200,200,366,366,100|100,100|100,100|100,100|100,,,,,,,,,,,0,2,1.393,12,0,2,1.377,12,2.722,380,59.138,382,False
302,102,./instances/msp/2obj/Lyngesen24-msp-2-100|100-uu-2_1.json,alternating,largest,first,all,False,phase1,slow,1.5730421670014039,200,200,200,200,366,366,100|100,100|100,100|100,100|100,,,,,,,,,,,0,2,0.482,6,0,2,0.481,6,0.477,200,0.241,202,False
302,102,./instances/msp/2obj/Lyngesen24-msp-2-100|100-uu-2_1.json,alternating,largest,none,all,False,phase1,slow,1.463896500004921,200,200,200,200,366,366,100|100,100|100,100|100,100|100,,,,,,,,,,,0,2,0.255,4,0,2,0.254,4,0.482,200,0.0,202,False
302,102,./instances/msp/2obj/Lyngesen24-msp-2-100|100-uu-2_1.json,alternating,largest,100,all,False,phase1,slow,17.438884374976624,200,200,200,200,366,366,100|100,100|100,100|100,100|100,,,,,,,,,,,0,2,0.751,8,0,2,0.744,8,0.378,200,32.034,202,False
302,102,./instances/msp/2obj/Lyngesen24-msp-2-100|100-uu-2_1.json,alternating,largest,50,all,False,phase1,slow,23.277169707987923,200,200,200,200,366,366,100|100,100|100,100|100,100|100,,,,,,,,,,,0,2,1.061,10,0,2,1.05,10,0.969,200,42.995,202,False
200,99,./instances/msp/2obj/Lyngesen24-msp-2-50|50-uu-2_2.json,alternating,largest,first,all,False,bbm,slow,1.1381634999997914,100,100,100,100,219,219,50|50,50|50,50|50,50|50,,,,,,,,,,,0,2,0.505,6,0,2,0.504,6,0.268,194,0.236,196,False
200,99,./instances/msp/2obj/Lyngesen24-msp-2-50|50-uu-2_2.json,alternating,largest,none,all,False,bbm,slow,1.0179432919831015,100,100,100,100,219,219,50|50,50|50,50|50,50|50,,,,,,,,,,,0,2,0.241,4,0,2,0.241,4,0.261,194,0.0,196,False
200,99,./instances/msp/2obj/Lyngesen24-msp-2-50|50-uu-2_2.json,alternating,largest,100,all,False,bbm,slow,1.092628957994748,100,100,100,100,219,219,50|50,50|50,50|50,50|50,,,,,,,,,,,0,2,0.506,6,0,2,0.505,6,0.264,194,0.247,196,False
200,99,./instances/msp/2obj/Lyngesen24-msp-2-50|50-uu-2_2.json,alternating,largest,50,all,False,bbm,slow,3.3409351659938693,100,100,100,100,219,219,50|50,50|50,50|50,50|50,,,,,,,,,,,0,2,0.763,8,0,2,0.76,8,0.546,194,4.446,196,False
152,52,./instances/msp/2obj/Lyngesen24-msp-2-50|50-uu-2_2.json,alternating,largest,first,all,False,phase1,slow,0.9439888339838944,100,100,100,100,219,219,50|50,50|50,50|50,50|50,,,,,,,,,,,0,2,0.477,6,0,2,0.476,6,0.109,100,0.238,102,False
152,52,./instances/msp/2obj/Lyngesen24-msp-2-50|50-uu-2_2.json,alternating,largest,none,all,False,phase1,slow,0.8115957920090295,100,100,100,100,219,219,50|50,50|50,50|50,50|50,,,,,,,,,,,0,2,0.239,4,0,2,0.239,4,0.106,100,0.0,102,False
152,52,./instances/msp/2obj/Lyngesen24-msp-2-50|50-uu-2_2.json,alternating,largest,100,all,False,phase1,slow,0.9179670409648679,100,100,100,100,219,219,50|50,50|50,50|50,50|50,,,,,,,,,,,0,2,0.466,6,0,2,0.465,6,0.11,100,0.233,102,False
152,52,./instances/msp/2obj/Lyngesen24-msp-2-50|50-uu-2_2.json,alternating,largest,50,all,False,phase1,slow,5.742390250030439,100,100,100,100,219,219,50|50,50|50,50|50,50|50,,,,,,,,,,,0,2,0.727,8,0,2,0.723,8,0.11,100,9.867,102,False
200,99,./instances/msp/2obj/Lyngesen24-msp-2-50|50-uu-2_3.json,alternating,largest,first,all,False,bbm,slow,1.1310737080057152,100,80,100,80,218,218,50|50,50|50,50|30,50|30,,,,,,,,,,,0,2,0.51,6,0,2,0.509,6,0.266,194,0.235,196,False
200,99,./instances/msp/2obj/Lyngesen24-msp-2-50|50-uu-2_3.json,alternating,largest,none,all,False,bbm,slow,0.946069500001613,100,80,100,80,218,218,50|50,50|50,50|30,50|30,,,,,,,,,,,0,2,0.253,4,0,2,0.253,4,0.264,194,0.0,196,False
200,99,./instances/msp/2obj/Lyngesen24-msp-2-50|50-uu-2_3.json,alternating,largest,100,all,False,bbm,slow,1.097777875023894,100,80,100,80,218,218,50|50,50|50,50|30,50|30,,,,,,,,,,,0,2,0.475,6,0,2,0.474,6,0.265,194,0.239,196,False
190,94,./instances/msp/2obj/Lyngesen24-msp-2-50|50-uu-2_3.json,alternating,largest,50,all,False,bbm,slow,3.5342529169865884,100,80,98,80,218,218,50|50,50|48,50|30,50|30,,,,,,,,,,,0,2,0.787,8,0,2,0.783,8,0.509,184,4.883,186,False
152,52,./instances/msp/2obj/Lyngesen24-msp-2-50|50-uu-2_3.json,alternating,largest,first,all,False,phase1,slow,0.927177749981638,100,80,100,80,218,218,50|50,50|50,50|30,50|30,,,,,,,,,,,0,2,0.474,6,0,2,0.474,6,0.109,100,0.239,102,False
152,52,./instances/msp/2obj/Lyngesen24-msp-2-50|50-uu-2_3.json,alternating,largest,none,all,False,phase1,slow,0.790946958004497,100,80,100,80,218,218,50|50,50|50,50|30,50|30,,,,,,,,,,,0,2,0.241,4,0,2,0.241,4,0.104,100,0.0,102,False
152,52,./instances/msp/2obj/Lyngesen24-msp-2-50|50-uu-2_3.json,alternating,largest,100,all,False,phase1,slow,0.9111750830197707,100,80,100,80,218,218,50|50,50|50,50|30,50|30,,,,,,,,,,,0,2,0.467,6,0,2,0.467,6,0.112,100,0.234,102,False
152,52,./instances/msp/2obj/Lyngesen24-msp-2-50|50-uu-2_3.json,alternating,largest,50,all,False,phase1,slow,5.685959875001572,100,80,100,80,218,218,50|50,50|50,50|30,50|30,,,,,,,,,,,0,2,0.737,8,0,2,0.733,8,0.109,100,9.771,102,False
339,149,./instances/msp/2obj/Lyngesen24-msp-2-50|50|50-mmm-3_2.json,alternating,largest,first,all,False,bbm,slow,3.258457499963697,150,88,150,88,791,791,50|50|50,50|50|50,33|28|27,33|28|27,,,,,,,,,,,0,2,1.113,6,0,2,1.107,6,0.477,292,1.728,294,False
339,149,./instances/msp/2obj/Lyngesen24-msp-2-50|50|50-mmm-3_2.json,alternating,largest,none,all,False,bbm,slow,2.190737208002247,150,88,150,88,791,791,50|50|50,50|50|50,33|28|27,33|28|27,,,,,,,,,,,0,2,0.488,4,0,2,0.485,4,0.438,292,0.0,294,False
327,143,./instances/msp/2obj/Lyngesen24-msp-2-50|50|50-mmm-3_2.json,alternating,largest,100,all,False,bbm,slow,248.54115816700505,150,88,150,88,791,791,50|50|50,50|50|50,33|28|27,33|28|27,,,,,,,,,,,0,2,1.588,8,0,2,1.57,8,2.099,280,490.487,282,False
331,145,./instances/msp/2obj/Lyngesen24-msp-2-50|50|50-mmm-3_2.json,alternating,largest,50,all,False,bbm,slow,76.15993137500482,150,88,149,88,791,791,50|50|50,50|49|50,33|28|27,33|28|27,,,,,,,,,,,0,2,1.579,8,0,2,1.564,8,1.217,284,146.831,286,False
287,97,./instances/msp/2obj/Lyngesen24-msp-2-50|50|50-mmm-3_2.json,alternating,largest,first,all,False,phase1,slow,2.8873852910473943,150,88,150,88,791,791,50|50|50,50|50|50,33|28|27,33|28|27,,,,,,,,,,,0,2,0.937,6,0,2,0.932,6,0.286,188,1.692,190,False
287,97,./instances/msp/2obj/Lyngesen24-msp-2-50|50|50-mmm-3_2.json,alternating,largest,none,all,False,phase1,slow,1.9951960829785094,150,88,150,88,791,791,50|50|50,50|50|50,33|28|27,33|28|27,,,,,,,,,,,0,2,0.472,4,0,2,0.469,4,0.265,188,0.0,190,False
287,97,./instances/msp/2obj/Lyngesen24-msp-2-50|50|50-mmm-3_2.json,alternating,largest,100,all,False,phase1,slow,2.8958939160220325,150,88,150,88,791,791,50|50|50,50|50|50,33|28|27,33|28|27,,,,,,,,,,,0,2,0.975,6,0,2,0.97,6,0.288,188,1.8,190,False
273,85,./instances/msp/2obj/Lyngesen24-msp-2-50|50|50-mmm-3_2.json,alternating,largest,50,all,False,phase1,slow,491.82164812501287,150,88,148,88,791,791,50|50|50,50|48|50,33|28|27,33|28|27,,,,,,,,,,,0,2,2.137,10,0,2,2.105,10,1.315,164,978.12,166,False
288,98,./instances/msp/2obj/Lyngesen24-msp-2-50|50-ul-2_5.json,alternating,largest,first,all,False,bbm,slow,1.435777417034842,100,66,100,66,183,183,50|50,50|50,16|50,16|50,,,,,,,,,,,0,2,0.481,6,0,2,0.477,6,0.352,192,0.935,194,False
288,98,./instances/msp/2obj/Lyngesen24-msp-2-50|50-ul-2_5.json,alternating,largest,none,all,False,bbm,slow,0.8971760830027051,100,66,100,66,183,183,50|50,50|50,16|50,16|50,,,,,,,,,,,0,2,0.218,4,0,2,0.216,4,0.296,192,0.0,194,False
288,98,./instances/msp/2obj/Lyngesen24-msp-2-50|50-ul-2_5.json,alternating,largest,100,all,False,bbm,slow,1.3883485000114888,100,66,100,66,183,183,50|50,50|50,16|50,16|50,,,,,,,,,,,0,2,0.437,6,0,2,0.433,6,0.353,192,0.928,194,False
274,91,./instances/msp/2obj/Lyngesen24-msp-2-50|50-ul-2_5.json,alternating,largest,50,all,False,bbm,slow,9.380044209014159,100,66,100,66,183,183,50|50,50|50,16|50,16|50,,,,,,,,,,,0,2,0.925,10,0,2,0.915,10,0.532,178,16.579,180,False
214,72,./instances/msp/2obj/Lyngesen24-msp-2-50|50-ul-2_5.json,alternating,largest,first,all,False,phase1,slow,1.2907525000046007,100,66,100,66,183,183,50|50,50|50,16|50,16|50,,,,,,,,,,,0,2,0.448,6,0,2,0.444,6,0.236,140,0.935,142,False
214,72,./instances/msp/2obj/Lyngesen24-msp-2-50|50-ul-2_5.json,alternating,largest,none,all,False,phase1,slow,0.8066340829827823,100,66,100,66,183,183,50|50,50|50,16|50,16|50,,,,,,,,,,,0,2,0.222,4,0,2,0.221,4,0.211,140,0.0,142,False
214,72,./instances/msp/2obj/Lyngesen24-msp-2-50|50-ul-2_5.json,alternating,largest,100,all,False,phase1,slow,1.274117875029333,100,66,100,66,183,183,50|50,50|50,16|50,16|50,,,,,,,,,,,0,2,0.442,6,0,2,0.438,6,0.234,140,0.923,142,False
214,72,./instances/msp/2obj/Lyngesen24-msp-2-50|50-ul-2_5.json,alternating,largest,50,all,False,phase1,slow,5.4458906660438515,100,66,100,66,183,183,50|50,50|50,16|50,16|50,,,,,,,,,,,0,2,0.686,8,0,2,0.679,8,0.449,140,8.98,142,False
228,100,./instances/msp/2obj/Lyngesen24-msp-2-50|50-mm-2_5.json,alternating,largest,first,all,False,bbm,slow,1.1776117910048924,100,71,100,71,336,336,50|50,50|50,34|37,34|37,,,,,,,,,,,0,2,0.479,6,0,2,0.476,6,0.302,196,0.342,198,False
228,100,./instances/msp/2obj/Lyngesen24-msp-2-50|50-mm-2_5.json,alternating,largest,none,all,False,bbm,slow,0.9612755830166861,100,71,100,71,336,336,50|50,50|50,34|37,34|37,,,,,,,,,,,0,2,0.226,4,0,2,0.225,4,0.284,196,0.0,198,False
228,100,./instances/msp/2obj/Lyngesen24-msp-2-50|50-mm-2_5.json,alternating,largest,100,all,False,bbm,slow,1.167239167029038,100,71,100,71,336,336,50|50,50|50,34|37,34|37,,,,,,,,,,,0,2,0.446,6,0,2,0.444,6,0.303,196,0.344,198,False
228,100,./instances/msp/2obj/Lyngesen24-msp-2-50|50-mm-2_5.json,alternating,largest,50,all,False,bbm,slow,7.850307792017702,100,71,100,71,336,336,50|50,50|50,34|37,34|37,,,,,,,,,,,0,2,0.723,8,0,2,0.715,8,0.573,196,13.408,198,False
194,66,./instances/msp/2obj/Lyngesen24-msp-2-50|50-mm-2_5.json,alternating,largest,first,all,False,phase1,slow,1.0540022909990512,100,71,100,71,336,336,50|50,50|50,34|37,34|37,,,,,,,,,,,0,2,0.443,6,0,2,0.44,6,0.188,128,0.34,130,False
194,66,./instances/msp/2obj/Lyngesen24-msp-2-50|50-mm-2_5.json,alternating,largest,none,all,False,phase1,slow,0.8759757499792613,100,71,100,71,336,336,50|50,50|50,34|37,34|37,,,,,,,,,,,0,2,0.229,4,0,2,0.228,4,0.177,128,0.0,130,False
194,66,./instances/msp/2obj/Lyngesen24-msp-2-50|50-mm-2_5.json,alternating,largest,100,all,False,phase1,slow,1.0240455419989303,100,71,100,71,336,336,50|50,50|50,34|37,34|37,,,,,,,,,,,0,2,0.447,6,0,2,0.444,6,0.195,128,0.343,130,False
189,61,./instances/msp/2obj/Lyngesen24-msp-2-50|50-mm-2_5.json,alternating,largest,50,all,False,phase1,slow,8.627556374995038,100,71,100,71,336,336,50|50,50|50,34|37,34|37,,,,,,,,,,,0,2,0.695,8,0,2,0.687,8,0.224,118,15.496,120,False
645,294,./instances/msp/2obj/Lyngesen24-msp-2-100|100|100-mmm-3_3.json,alternating,largest,first,all,False,bbm,slow,7.116764832986519,300,145,300,145,1819,1819,100|100|100,100|100|100,47|51|47,47|51|47,,,,,,,,,,,0,2,1.007,6,0,2,0.997,6,1.832,582,3.573,584,False
645,294,./instances/msp/2obj/Lyngesen24-msp-2-100|100|100-mmm-3_3.json,alternating,largest,none,all,False,bbm,slow,4.707724874955602,300,145,300,145,1819,1819,100|100|100,100|100|100,47|51|47,47|51|47,,,,,,,,,,,0,2,0.452,4,0,2,0.448,4,1.697,582,0.0,584,False
599,271,./instances/msp/2obj/Lyngesen24-msp-2-100|100|100-mmm-3_3.json,alternating,largest,100,all,False,bbm,slow,1784.9225512499688,300,145,297,145,1819,1819,100|100|100,97|100|100,47|51|47,47|51|47,,,,,,,,,,,0,2,2.422,10,0,2,2.359,10,9.37,536,3549.693,538,False
599,271,./instances/msp/2obj/Lyngesen24-msp-2-100|100|100-mmm-3_3.json,alternating,largest,50,all,False,bbm,slow,2850.550035207998,300,145,297,145,1819,1819,100|100|100,97|100|100,47|51|47,47|51|47,,,,,,,,,,,0,2,4.038,14,0,2,3.929,14,11.512,536,5677.478,538,False
573,193,./instances/msp/2obj/Lyngesen24-msp-2-100|100|100-mmm-3_3.json,alternating,largest,first,all,False,phase1,slow,6.201090709015261,300,145,300,145,1819,1819,100|100|100,100|100|100,47|51|47,47|51|47,,,,,,,,,,,0,2,1.129,6,0,2,1.119,6,1.192,380,3.573,382,False
573,193,./instances/msp/2obj/Lyngesen24-msp-2-100|100|100-mmm-3_3.json,alternating,largest,none,all,False,phase1,slow,4.285852417000569,300,145,300,145,1819,1819,100|100|100,100|100|100,47|51|47,47|51|47,,,,,,,,,,,0,2,0.526,4,0,2,0.522,4,1.056,380,0.0,382,False
535,157,./instances/msp/2obj/Lyngesen24-msp-2-100|100|100-mmm-3_3.json,alternating,largest,100,all,False,phase1,slow,990.7485624999972,300,145,294,145,1819,1819,100|100|100,97|99|98,47|51|47,47|51|47,,,,,,,,,,,0,2,1.931,8,0,2,1.894,8,5.616,308,1965.853,310,False
519,147,./instances/msp/2obj/Lyngesen24-msp-2-100|100|100-mmm-3_3.json,alternating,largest,50,all,False,phase1,slow,2860.102126416983,300,145,286,145,1819,1819,100|100|100,95|95|96,47|51|47,47|51|47,,,,,,,,,,,0,2,3.143,12,0,2,3.049,12,6.498,288,5703.676,290,False
548,192,./instances/msp/2obj/Lyngesen24-msp-2-100|100-ul-2_1.json,sequential,largest,first,all,False,bbm,slow,2.6910424579982646,200,106,200,106,260,260,100|100,100|100,6|100,6|100,,,,,,,,,,,0,2,0.107,6,0,2,0.101,6,1.348,380,2.408,382,False
548,192,./instances/msp/2obj/Lyngesen24-msp-2-100|100-ul-2_1.json,sequential,largest,none,all,False,bbm,slow,1.3273486249963753,200,106,200,106,260,260,100|100,100|100,6|100,6|100,,,,,,,,,,,0,2,0.04,4,0,2,0.037,4,1.132,380,0.0,382,False
548,192,./instances/msp/2obj/Lyngesen24-msp-2-100|100-ul-2_1.json,sequential,largest,100,all,False,bbm,slow,11.535947000025772,200,106,200,106,260,260,100|100,100|100,6|100,6|100,,,,,,,,,,,0,2,0.154,8,0,2,0.144,8,2.498,380,18.503,382,False
548,192,./instances/msp/2obj/Lyngesen24-msp-2-100|100-ul-2_1.json,sequential,largest,50,all,False,bbm,slow,30.215354209009092,200,106,200,106,260,260,100|100,100|100,6|100,6|100,,,,,,,,,,,0,2,0.324,12,0,2,0.305,12,3.08,380,54.94,382,False
400,134,./instances/msp/2obj/Lyngesen24-msp-2-100|100-ul-2_1.json,sequential,largest,first,all,False,phase1,slow,2.159286583017092,200,106,200,106,260,260,100|100,100|100,6|100,6|100,,,,,,,,,,,0,2,0.087,6,0,2,0.081,6,0.832,264,2.361,266,False
400,134,./instances/msp/2obj/Lyngesen24-msp-2-100|100-ul-2_1.json,sequential,largest,none,all,False,phase1,slow,0.8626655830303207,200,106,200,106,260,260,100|100,100|100,6|100,6|100,,,,,,,,,,,0,2,0.036,4,0,2,0.033,4,0.729,264,0.0,266,False
400,134,./instances/msp/2obj/Lyngesen24-msp-2-100|100-ul-2_1.json,sequential,largest,100,all,False,phase1,slow,12.520322749973275,200,106,200,106,260,260,100|100,100|100,6|100,6|100,,,,,,,,,,,0,2,0.187,8,0,2,0.177,8,1.142,264,22.646,266,False
400,134,./instances/msp/2obj/Lyngesen24-msp-2-100|100-ul-2_1.json,sequential,largest,50,all,False,phase1,slow,19.45578816597117,200,106,200,106,260,260,100|100,100|100,6|100,6|100,,,,,,,,,,,0,2,0.208,10,0,2,0.194,10,1.769,264,35.676,266,False
548,192,./instances/msp/2obj/Lyngesen24-msp-2-100|100-ul-2_1.json,alternating,largest,first,all,False,bbm,slow,2.7524224590160884,200,106,200,106,260,260,100|100,100|100,6|100,6|100,,,,,,,,,,,0,2,0.088,6,0,2,0.082,6,1.457,380,2.379,382,False
548,192,./instances/msp/2obj/Lyngesen24-msp-2-100|100-ul-2_1.json,alternating,largest,none,all,False,bbm,slow,1.4502548340242356,200,106,200,106,260,260,100|100,100|100,6|100,6|100,,,,,,,,,,,0,2,0.055,4,0,2,0.052,4,1.27,380,0.0,382,False
508,172,./instances/msp/2obj/Lyngesen24-msp-2-100|100-ul-2_1.json,alternating,largest,100,all,False,bbm,slow,26.833701625000685,200,106,198,106,260,260,100|100,98|100,6|100,6|100,,,,,,,,,,,0,2,0.319,10,0,2,0.305,10,1.991,340,49.588,342,False
514,175,./instances/msp/2obj/Lyngesen24-msp-2-100|100-ul-2_1.json,alternating,largest,50,all,False,bbm,slow,24.24696162500186,200,106,197,106,260,260,100|100,97|100,6|100,6|100,,,,,,,,,,,0,2,0.215,10,0,2,0.2,10,2.967,346,43.416,348,False
400,134,./instances/msp/2obj/Lyngesen24-msp-2-100|100-ul-2_1.json,alternating,largest,first,all,False,phase1,slow,2.1171652500052005,200,106,200,106,260,260,100|100,100|100,6|100,6|100,,,,,,,,,,,0,2,0.1,6,0,2,0.094,6,0.819,264,2.35,266,False
400,134,./instances/msp/2obj/Lyngesen24-msp-2-100|100-ul-2_1.json,alternating,largest,none,all,False,phase1,slow,1.0671934169949964,200,106,200,106,260,260,100|100,100|100,6|100,6|100,,,,,,,,,,,0,2,0.364,4,0,2,0.358,4,0.761,264,0.0,266,False
400,134,./instances/msp/2obj/Lyngesen24-msp-2-100|100-ul-2_1.json,alternating,largest,100,all,False,phase1,slow,12.466648875037208,200,106,200,106,260,260,100|100,100|100,6|100,6|100,,,,,,,,,,,0,2,0.159,8,0,2,0.149,8,1.195,264,22.567,266,False
400,134,./instances/msp/2obj/Lyngesen24-msp-2-100|100-ul-2_1.json,alternating,largest,50,all,False,phase1,slow,18.550442333042156,200,106,200,106,260,260,100|100,100|100,6|100,6|100,,,,,,,,,,,0,2,0.26,10,0,2,0.246,10,1.519,264,34.137,266,False
